paper_id_1,paper_id_2
https://openalex.org/W4414873352,https://openalex.org/W3213506831
https://openalex.org/W4414873352,https://openalex.org/W4206905882
https://openalex.org/W4414873352,https://openalex.org/W4407022518
https://openalex.org/W4411475404,https://openalex.org/W4382656802
https://openalex.org/W4411475404,https://openalex.org/W4400709991
https://openalex.org/W3194936931,https://openalex.org/W3213578391
https://openalex.org/W4382630818,https://openalex.org/W3118535008
https://openalex.org/W4382630818,https://openalex.org/W3211762520
https://openalex.org/W4382630818,https://openalex.org/W4224320189
https://openalex.org/W4382630818,https://openalex.org/W4293213756
https://openalex.org/W4382630818,https://openalex.org/W4303021939
https://openalex.org/W4382630818,https://openalex.org/W4319442556
https://openalex.org/W7161133972,https://openalex.org/W4414380416
https://openalex.org/W4408323693,https://openalex.org/W4386159012
https://openalex.org/W4408323693,https://openalex.org/W4386159384
https://openalex.org/W4408323693,https://openalex.org/W4386159486
https://openalex.org/W4408323693,https://openalex.org/W4386160259
https://openalex.org/W4402541854,https://openalex.org/W4401983778
https://openalex.org/W4416549351,https://openalex.org/W4285152302
https://openalex.org/W4416549351,https://openalex.org/W4401647394
https://openalex.org/W4409310918,https://openalex.org/W3126680560
https://openalex.org/W4409310918,https://openalex.org/W4405047176
https://openalex.org/W4366254371,https://openalex.org/W4200560244
https://openalex.org/W4407842424,https://openalex.org/W4285810273
https://openalex.org/W4407842424,https://openalex.org/W4392681547
https://openalex.org/W4407842424,https://openalex.org/W4396832304
https://openalex.org/W4407842424,https://openalex.org/W4399488739
https://openalex.org/W4407842424,https://openalex.org/W4399488775
https://openalex.org/W4407842424,https://openalex.org/W4399488879
https://openalex.org/W4407842424,https://openalex.org/W4402480690
https://openalex.org/W4378084251,https://openalex.org/W3194227536
https://openalex.org/W4378084251,https://openalex.org/W4377698101
https://openalex.org/W4378084251,https://openalex.org/W4387394339
https://openalex.org/W7128675092,https://openalex.org/W4288036471
https://openalex.org/W7128675092,https://openalex.org/W4296885751
https://openalex.org/W7128675092,https://openalex.org/W4386155027
https://openalex.org/W7128675092,https://openalex.org/W4402792620
https://openalex.org/W7128675092,https://openalex.org/W4416395547
https://openalex.org/W3216044760,https://openalex.org/W3212020871
https://openalex.org/W7128505436,https://openalex.org/W4389991818
https://openalex.org/W7128505436,https://openalex.org/W4409626090
https://openalex.org/W7128505436,https://openalex.org/W4410192080
https://openalex.org/W4392251830,https://openalex.org/W4213116381
https://openalex.org/W4309720103,https://openalex.org/W4210857417
https://openalex.org/W4309720103,https://openalex.org/W4210935844
https://openalex.org/W4309720103,https://openalex.org/W4220893757
https://openalex.org/W4309720103,https://openalex.org/W4366993059
https://openalex.org/W4309720103,https://openalex.org/W4391514345
https://openalex.org/W4400811959,https://openalex.org/W4378834827
https://openalex.org/W4400811959,https://openalex.org/W4383819711
https://openalex.org/W4409404029,https://openalex.org/W4289517000
https://openalex.org/W4409404029,https://openalex.org/W4324344391
https://openalex.org/W4377139398,https://openalex.org/W3140145209
https://openalex.org/W4377139398,https://openalex.org/W4377139398
https://openalex.org/W4312161066,https://openalex.org/W3167554581
https://openalex.org/W3208324124,https://openalex.org/W3081572918
https://openalex.org/W3208324124,https://openalex.org/W3115202110
https://openalex.org/W3208324124,https://openalex.org/W3154531344
https://openalex.org/W3208324124,https://openalex.org/W3184542680
https://openalex.org/W4412060099,https://openalex.org/W4200070608
https://openalex.org/W4412060099,https://openalex.org/W4206231885
https://openalex.org/W4412060099,https://openalex.org/W4367298921
https://openalex.org/W4411717731,https://openalex.org/W3112618968
https://openalex.org/W4411717731,https://openalex.org/W3135436087
https://openalex.org/W4411717731,https://openalex.org/W3178960719
https://openalex.org/W4411717731,https://openalex.org/W4394905311
https://openalex.org/W7134056651,https://openalex.org/W4284893902
https://openalex.org/W7134056651,https://openalex.org/W4413035507
https://openalex.org/W4221000458,https://openalex.org/W3189146675
https://openalex.org/W4292248422,https://openalex.org/W4211021803
https://openalex.org/W4292248422,https://openalex.org/W4211060001
https://openalex.org/W4407128412,https://openalex.org/W4221000458
https://openalex.org/W4407128412,https://openalex.org/W4401241888
https://openalex.org/W4414790205,https://openalex.org/W4220875866
https://openalex.org/W4414790205,https://openalex.org/W4403529786
https://openalex.org/W4402466371,https://openalex.org/W4284693861
https://openalex.org/W4367671437,https://openalex.org/W4311885711
https://openalex.org/W4367671437,https://openalex.org/W4380881712
https://openalex.org/W4308174634,https://openalex.org/W3203428752
https://openalex.org/W4308174634,https://openalex.org/W3208334722
https://openalex.org/W4308174634,https://openalex.org/W4282821604
https://openalex.org/W4308174634,https://openalex.org/W4379107271
https://openalex.org/W4414566657,https://openalex.org/W3130715910
https://openalex.org/W4414566657,https://openalex.org/W4401211033
https://openalex.org/W4414566657,https://openalex.org/W4415007801
https://openalex.org/W3129711800,https://openalex.org/W3164892751
https://openalex.org/W4404729831,https://openalex.org/W4221019059
https://openalex.org/W4395112848,https://openalex.org/W2989993629
https://openalex.org/W3181479783,https://openalex.org/W3194005326
https://openalex.org/W4311268246,https://openalex.org/W3119285886
https://openalex.org/W4311268246,https://openalex.org/W3128267272
https://openalex.org/W4311268246,https://openalex.org/W3167739453
https://openalex.org/W3187941492,https://openalex.org/W3187941492
https://openalex.org/W4395028174,https://openalex.org/W4383722515
https://openalex.org/W4395028174,https://openalex.org/W4385819980
https://openalex.org/W4395028174,https://openalex.org/W4390705750
https://openalex.org/W4390075378,https://openalex.org/W3160242170
https://openalex.org/W4390075378,https://openalex.org/W4321780060
https://openalex.org/W4390075378,https://openalex.org/W4379379537
https://openalex.org/W4390075378,https://openalex.org/W4381162728
https://openalex.org/W4409341536,https://openalex.org/W4311931681
https://openalex.org/W4310521337,https://openalex.org/W4221140302
https://openalex.org/W4310521337,https://openalex.org/W4280637443
https://openalex.org/W4212933445,https://openalex.org/W3168574827
https://openalex.org/W4412120980,https://openalex.org/W4401792166
https://openalex.org/W4225881356,https://openalex.org/W3176852009
https://openalex.org/W4225881356,https://openalex.org/W3212711117
https://openalex.org/W4306940578,https://openalex.org/W3159157307
https://openalex.org/W4306940578,https://openalex.org/W4283815881
https://openalex.org/W7168025688,https://openalex.org/W4393183862
https://openalex.org/W7168025688,https://openalex.org/W4407357370
https://openalex.org/W7168025688,https://openalex.org/W4410040007
https://openalex.org/W7168025688,https://openalex.org/W4414210246
https://openalex.org/W7168025688,https://openalex.org/W4414944965
https://openalex.org/W7168025688,https://openalex.org/W7167095944
https://openalex.org/W7168025688,https://openalex.org/W7168014927
https://openalex.org/W4411793891,https://openalex.org/W4311679888
https://openalex.org/W4411793891,https://openalex.org/W4361304792
https://openalex.org/W4411793891,https://openalex.org/W4403982848
https://openalex.org/W4239297835,https://openalex.org/W3124221911
https://openalex.org/W4239297835,https://openalex.org/W4239297835
https://openalex.org/W4382725747,https://openalex.org/W3138005350
https://openalex.org/W4382725747,https://openalex.org/W3204716577
https://openalex.org/W4382725747,https://openalex.org/W4313407735
https://openalex.org/W4382725747,https://openalex.org/W4323051684
https://openalex.org/W4380729415,https://openalex.org/W3194709117
https://openalex.org/W4380729415,https://openalex.org/W3205383708
https://openalex.org/W4380729415,https://openalex.org/W4200563456
https://openalex.org/W4380729415,https://openalex.org/W4207077072
https://openalex.org/W4380729415,https://openalex.org/W4280557873
https://openalex.org/W4380729415,https://openalex.org/W4283271016
https://openalex.org/W4380729415,https://openalex.org/W4295925815
https://openalex.org/W4408171472,https://openalex.org/W3137133566
https://openalex.org/W4411904064,https://openalex.org/W4312090027
https://openalex.org/W4411904064,https://openalex.org/W4387199899
https://openalex.org/W4411904064,https://openalex.org/W4387968801
https://openalex.org/W4411904064,https://openalex.org/W4388033873
https://openalex.org/W4411904064,https://openalex.org/W4388763050
https://openalex.org/W4411904064,https://openalex.org/W4391431615
https://openalex.org/W4411904064,https://openalex.org/W4401335746
https://openalex.org/W4411904064,https://openalex.org/W4402467140
https://openalex.org/W4411904064,https://openalex.org/W4407150851
https://openalex.org/W4411904064,https://openalex.org/W4407371331
https://openalex.org/W4411904064,https://openalex.org/W4411548113
https://openalex.org/W4220908443,https://openalex.org/W3173747224
https://openalex.org/W4377834411,https://openalex.org/W3206057024
https://openalex.org/W4377834411,https://openalex.org/W4308212272
https://openalex.org/W7129515081,https://openalex.org/W4405893975
https://openalex.org/W7129515081,https://openalex.org/W4407216912
https://openalex.org/W4402643453,https://openalex.org/W4213437933
https://openalex.org/W7164824977,https://openalex.org/W4399153374
https://openalex.org/W4414493500,https://openalex.org/W3119402276
https://openalex.org/W4414493500,https://openalex.org/W4284890897
https://openalex.org/W4414493500,https://openalex.org/W4388704572
https://openalex.org/W4391179374,https://openalex.org/W4297990224
https://openalex.org/W4406151564,https://openalex.org/W3132201502
https://openalex.org/W4401855748,https://openalex.org/W4281560409
https://openalex.org/W4390807288,https://openalex.org/W4323051231
https://openalex.org/W7128948176,https://openalex.org/W4415430707
https://openalex.org/W4401815542,https://openalex.org/W4306681774
https://openalex.org/W4401815542,https://openalex.org/W4308259629
https://openalex.org/W4401815542,https://openalex.org/W4392816777
https://openalex.org/W4414776986,https://openalex.org/W3119999801
https://openalex.org/W4414776986,https://openalex.org/W3188942146
https://openalex.org/W4414776986,https://openalex.org/W4283821043
https://openalex.org/W4414776986,https://openalex.org/W4410591514
https://openalex.org/W3151263068,https://openalex.org/W3185261144
https://openalex.org/W4403808053,https://openalex.org/W3133576449
https://openalex.org/W4403808053,https://openalex.org/W4318586845
https://openalex.org/W4403808053,https://openalex.org/W4388007522
https://openalex.org/W4312305947,https://openalex.org/W4288494619
https://openalex.org/W4414519481,https://openalex.org/W3197156699
https://openalex.org/W4408281904,https://openalex.org/W3193307700
https://openalex.org/W4408281904,https://openalex.org/W4280516769
https://openalex.org/W4408281904,https://openalex.org/W4386159145
https://openalex.org/W4385780639,https://openalex.org/W4288428530
https://openalex.org/W4385780639,https://openalex.org/W4321097797
https://openalex.org/W4399478108,https://openalex.org/W3161569737
https://openalex.org/W4399478108,https://openalex.org/W4381853480
https://openalex.org/W4399478108,https://openalex.org/W4382021612
https://openalex.org/W4388978046,https://openalex.org/W3213030435
https://openalex.org/W4312160059,https://openalex.org/W3157427343
https://openalex.org/W4391109490,https://openalex.org/W3130566328
https://openalex.org/W4391109490,https://openalex.org/W3174375172
https://openalex.org/W4391109490,https://openalex.org/W3184319873
https://openalex.org/W4391109490,https://openalex.org/W4210310905
https://openalex.org/W4391109490,https://openalex.org/W4292454820
https://openalex.org/W4391109490,https://openalex.org/W4304587499
https://openalex.org/W4391109490,https://openalex.org/W4385439370
https://openalex.org/W7154625129,https://openalex.org/W4319295065
https://openalex.org/W4394922276,https://openalex.org/W4200631010
https://openalex.org/W4405828871,https://openalex.org/W3126150405
https://openalex.org/W4405828871,https://openalex.org/W3167088720
https://openalex.org/W4405828871,https://openalex.org/W4293872266
https://openalex.org/W4405828871,https://openalex.org/W4379598312
https://openalex.org/W4405828871,https://openalex.org/W4388826298
https://openalex.org/W4410740569,https://openalex.org/W3176852009
https://openalex.org/W4410740569,https://openalex.org/W4205904032
https://openalex.org/W4410740569,https://openalex.org/W4206484652
https://openalex.org/W4410740569,https://openalex.org/W4210301269
https://openalex.org/W4410740569,https://openalex.org/W4324122179
https://openalex.org/W4410740569,https://openalex.org/W4390768438
https://openalex.org/W4410740569,https://openalex.org/W4391146671
https://openalex.org/W4410740569,https://openalex.org/W4391476405
https://openalex.org/W4410740569,https://openalex.org/W4391874209
https://openalex.org/W4410740569,https://openalex.org/W4400663506
https://openalex.org/W4410740569,https://openalex.org/W4402479734
https://openalex.org/W4410740569,https://openalex.org/W4406221574
https://openalex.org/W4388826298,https://openalex.org/W3167088720
https://openalex.org/W4388826298,https://openalex.org/W4220702467
https://openalex.org/W7166865629,https://openalex.org/W4392356798
https://openalex.org/W4366351954,https://openalex.org/W3200413641
https://openalex.org/W4363676851,https://openalex.org/W4213326116
https://openalex.org/W4363676851,https://openalex.org/W4224235357
https://openalex.org/W7124454041,https://openalex.org/W3133527488
https://openalex.org/W7124454041,https://openalex.org/W3182954530
https://openalex.org/W7124454041,https://openalex.org/W3214810198
https://openalex.org/W7124454041,https://openalex.org/W4295884756
https://openalex.org/W7124454041,https://openalex.org/W4395681644
https://openalex.org/W7124454041,https://openalex.org/W4399320960
https://openalex.org/W7124454041,https://openalex.org/W4402159295
https://openalex.org/W7124454041,https://openalex.org/W4403247656
https://openalex.org/W7124454041,https://openalex.org/W4407121781
https://openalex.org/W7133650592,https://openalex.org/W4362583005
https://openalex.org/W7133650592,https://openalex.org/W4412162320
https://openalex.org/W4380423290,https://openalex.org/W4366351954
https://openalex.org/W4386639940,https://openalex.org/W4309074405
https://openalex.org/W4386639940,https://openalex.org/W4386639940
https://openalex.org/W4307331339,https://openalex.org/W3172677261
https://openalex.org/W4413141440,https://openalex.org/W3110382623
https://openalex.org/W4413141440,https://openalex.org/W3214229048
https://openalex.org/W4413141440,https://openalex.org/W4309174798
https://openalex.org/W4413141440,https://openalex.org/W4311584602
https://openalex.org/W4413141440,https://openalex.org/W4379768780
https://openalex.org/W4413141440,https://openalex.org/W4387526240
https://openalex.org/W4413141440,https://openalex.org/W4401520389
https://openalex.org/W4396530272,https://openalex.org/W3162047984
https://openalex.org/W4396530272,https://openalex.org/W3194629154
https://openalex.org/W4396530272,https://openalex.org/W4220859934
https://openalex.org/W4328120526,https://openalex.org/W3136908109
https://openalex.org/W4328120526,https://openalex.org/W4292265649
https://openalex.org/W4408214598,https://openalex.org/W4386734857
https://openalex.org/W4408214598,https://openalex.org/W4387865908
https://openalex.org/W4408214598,https://openalex.org/W4405931520
https://openalex.org/W4286784900,https://openalex.org/W3128374822
https://openalex.org/W4286784900,https://openalex.org/W3197950969
https://openalex.org/W4404536509,https://openalex.org/W3124297876
https://openalex.org/W4404536509,https://openalex.org/W3199144933
https://openalex.org/W4404536509,https://openalex.org/W4213124374
https://openalex.org/W4404536509,https://openalex.org/W4285083511
https://openalex.org/W4404536509,https://openalex.org/W4285798842
https://openalex.org/W4415303482,https://openalex.org/W4405857140
https://openalex.org/W4415545217,https://openalex.org/W3136269938
https://openalex.org/W4415545217,https://openalex.org/W4291019119
https://openalex.org/W4415545217,https://openalex.org/W4306638507
https://openalex.org/W4415545217,https://openalex.org/W4323655945
https://openalex.org/W4415545217,https://openalex.org/W4389195985
https://openalex.org/W4415545217,https://openalex.org/W4391248667
https://openalex.org/W4415545217,https://openalex.org/W4407070596
https://openalex.org/W4376503729,https://openalex.org/W4376503729
https://openalex.org/W4414025839,https://openalex.org/W3003602738
https://openalex.org/W4414025839,https://openalex.org/W3162450672
https://openalex.org/W4414025839,https://openalex.org/W4414025839
https://openalex.org/W7157893686,https://openalex.org/W4387009878
https://openalex.org/W7157893686,https://openalex.org/W7125517785
https://openalex.org/W4392767252,https://openalex.org/W3165714691
https://openalex.org/W4407156724,https://openalex.org/W4401634247
https://openalex.org/W3173381888,https://openalex.org/W3173173966
https://openalex.org/W4414606804,https://openalex.org/W4387389433
https://openalex.org/W4414606804,https://openalex.org/W4391429953
https://openalex.org/W4386845557,https://openalex.org/W4295959296
https://openalex.org/W7161628428,https://openalex.org/W4387700039
https://openalex.org/W4414194558,https://openalex.org/W3193714379
https://openalex.org/W4414194558,https://openalex.org/W4200039800
https://openalex.org/W4223641489,https://openalex.org/W3088611318
https://openalex.org/W4223641489,https://openalex.org/W3118467713
https://openalex.org/W4223641489,https://openalex.org/W3163769242
https://openalex.org/W4223641489,https://openalex.org/W4238150452
https://openalex.org/W4417213500,https://openalex.org/W4401274400
https://openalex.org/W4413848498,https://openalex.org/W3127802927
https://openalex.org/W4413848498,https://openalex.org/W4289518974
https://openalex.org/W4413848498,https://openalex.org/W4391163530
https://openalex.org/W4407376848,https://openalex.org/W4214898670
https://openalex.org/W4412392802,https://openalex.org/W4402439454
https://openalex.org/W7143793048,https://openalex.org/W4413461556
https://openalex.org/W4407686797,https://openalex.org/W4320481969
https://openalex.org/W4407686797,https://openalex.org/W4399050652
https://openalex.org/W7201875781,https://openalex.org/W3134504082
https://openalex.org/W7201875781,https://openalex.org/W3136709650
https://openalex.org/W7201875781,https://openalex.org/W4409488408
https://openalex.org/W3173087405,https://openalex.org/W3171507843
https://openalex.org/W7196943100,https://openalex.org/W3193223779
https://openalex.org/W4408360670,https://openalex.org/W4399561985
https://openalex.org/W4408360670,https://openalex.org/W4400883379
https://openalex.org/W4408360670,https://openalex.org/W4401108209
https://openalex.org/W4408360670,https://openalex.org/W4401739447
https://openalex.org/W4408360670,https://openalex.org/W4402675562
https://openalex.org/W4408360670,https://openalex.org/W4404626323
https://openalex.org/W4386698988,https://openalex.org/W4205170763
https://openalex.org/W7130361839,https://openalex.org/W4416396472
https://openalex.org/W4394878570,https://openalex.org/W4311344523
https://openalex.org/W4394878570,https://openalex.org/W4385987280
https://openalex.org/W4410120739,https://openalex.org/W4367312126
https://openalex.org/W4410120739,https://openalex.org/W4385607072
https://openalex.org/W4410120739,https://openalex.org/W4406002223
https://openalex.org/W4410360283,https://openalex.org/W3170766053
https://openalex.org/W4410360283,https://openalex.org/W4387301449
https://openalex.org/W4410360283,https://openalex.org/W4388510636
https://openalex.org/W4410360283,https://openalex.org/W4406574584
https://openalex.org/W4386449684,https://openalex.org/W3120784776
https://openalex.org/W4386449684,https://openalex.org/W3135010812
https://openalex.org/W4386449684,https://openalex.org/W3174562978
https://openalex.org/W4386449684,https://openalex.org/W3194052897
https://openalex.org/W4386449684,https://openalex.org/W4313518310
https://openalex.org/W4386449684,https://openalex.org/W4317743656
https://openalex.org/W4386449684,https://openalex.org/W4361853982
https://openalex.org/W4412961174,https://openalex.org/W4402826743
https://openalex.org/W4221154998,https://openalex.org/W3128239482
https://openalex.org/W4416714587,https://openalex.org/W3140992700
https://openalex.org/W4416714587,https://openalex.org/W3189146675
https://openalex.org/W4416714587,https://openalex.org/W4379379537
https://openalex.org/W4416714587,https://openalex.org/W4391128360
https://openalex.org/W4416714587,https://openalex.org/W4399336463
https://openalex.org/W4416714587,https://openalex.org/W4401241888
https://openalex.org/W4416714587,https://openalex.org/W4404411621
https://openalex.org/W4416714587,https://openalex.org/W4404687946
https://openalex.org/W4416714587,https://openalex.org/W4405909606
https://openalex.org/W7152626903,https://openalex.org/W4296848786
https://openalex.org/W7152626903,https://openalex.org/W4391560136
https://openalex.org/W4383215398,https://openalex.org/W3162826840
https://openalex.org/W4383215398,https://openalex.org/W3200768764
https://openalex.org/W4383215398,https://openalex.org/W4225397983
https://openalex.org/W4388933260,https://openalex.org/W3119125141
https://openalex.org/W4388933260,https://openalex.org/W3123173603
https://openalex.org/W4388933260,https://openalex.org/W4214929165
https://openalex.org/W4388933260,https://openalex.org/W4321369112
https://openalex.org/W7144329675,https://openalex.org/W4321479822
https://openalex.org/W7144329675,https://openalex.org/W4390037316
https://openalex.org/W4407167801,https://openalex.org/W3168018776
https://openalex.org/W3212711117,https://openalex.org/W3176852009
https://openalex.org/W7135012790,https://openalex.org/W3118875409
https://openalex.org/W7135012790,https://openalex.org/W3157065452
https://openalex.org/W7135012790,https://openalex.org/W3157468053
https://openalex.org/W7135012790,https://openalex.org/W3193223779
https://openalex.org/W7135012790,https://openalex.org/W3201203265
https://openalex.org/W7135012790,https://openalex.org/W4214905249
https://openalex.org/W7135012790,https://openalex.org/W4292984582
https://openalex.org/W7135012790,https://openalex.org/W4405808119
https://openalex.org/W3214810198,https://openalex.org/W3133527488
https://openalex.org/W3214810198,https://openalex.org/W3182954530
https://openalex.org/W3214810198,https://openalex.org/W3186301856
https://openalex.org/W4401520389,https://openalex.org/W3110382623
https://openalex.org/W4401520389,https://openalex.org/W3214229048
https://openalex.org/W4401520389,https://openalex.org/W4309174798
https://openalex.org/W4401520389,https://openalex.org/W4311584602
https://openalex.org/W4401520389,https://openalex.org/W4379768780
https://openalex.org/W4401520389,https://openalex.org/W4387526240
https://openalex.org/W7138904268,https://openalex.org/W4409670203
https://openalex.org/W4405573707,https://openalex.org/W4200594374
https://openalex.org/W4392431837,https://openalex.org/W4311480249
https://openalex.org/W4289943962,https://openalex.org/W3157245047
https://openalex.org/W4289943962,https://openalex.org/W3185871720
https://openalex.org/W4414401337,https://openalex.org/W4308294082
https://openalex.org/W7204181101,https://openalex.org/W4402267979
https://openalex.org/W4410528282,https://openalex.org/W4281394094
https://openalex.org/W4410528282,https://openalex.org/W4405638592
https://openalex.org/W4412475825,https://openalex.org/W3169454482
https://openalex.org/W4412475825,https://openalex.org/W4285731767
https://openalex.org/W4294199425,https://openalex.org/W3137942294
https://openalex.org/W7147695920,https://openalex.org/W4410451354
https://openalex.org/W7121357127,https://openalex.org/W4389273456
https://openalex.org/W7121357127,https://openalex.org/W4389351082
https://openalex.org/W7121357127,https://openalex.org/W4400681294
https://openalex.org/W7104049836,https://openalex.org/W4410340591
https://openalex.org/W7128623035,https://openalex.org/W4224871269
https://openalex.org/W7128623035,https://openalex.org/W4391743378
https://openalex.org/W4210416610,https://openalex.org/W3120692788
https://openalex.org/W7128506880,https://openalex.org/W4401595249
https://openalex.org/W4390230735,https://openalex.org/W3135010812
https://openalex.org/W4390230735,https://openalex.org/W4312645560
https://openalex.org/W4390230735,https://openalex.org/W4313518310
https://openalex.org/W4390230735,https://openalex.org/W4379259674
https://openalex.org/W4405721183,https://openalex.org/W4286698407
https://openalex.org/W4405721183,https://openalex.org/W4311679888
https://openalex.org/W4405721183,https://openalex.org/W4404153000
https://openalex.org/W4406665567,https://openalex.org/W4401010070
https://openalex.org/W4281661809,https://openalex.org/W3134314150
https://openalex.org/W4281661809,https://openalex.org/W3200575889
https://openalex.org/W3169530204,https://openalex.org/W3129711800
https://openalex.org/W3169530204,https://openalex.org/W3164962350
https://openalex.org/W7116692268,https://openalex.org/W3203760617
https://openalex.org/W7116692268,https://openalex.org/W3214399682
https://openalex.org/W7116692268,https://openalex.org/W4289518974
https://openalex.org/W7116692268,https://openalex.org/W4293693009
https://openalex.org/W7116692268,https://openalex.org/W4306818326
https://openalex.org/W7116692268,https://openalex.org/W4406029955
https://openalex.org/W7116692268,https://openalex.org/W4407251535
https://openalex.org/W4416193723,https://openalex.org/W4403185738
https://openalex.org/W4415721393,https://openalex.org/W4394905311
https://openalex.org/W4385291374,https://openalex.org/W3179791530
https://openalex.org/W4385291374,https://openalex.org/W4384155194
https://openalex.org/W3194973291,https://openalex.org/W3155720191
https://openalex.org/W3194973291,https://openalex.org/W3194973291
https://openalex.org/W3194973291,https://openalex.org/W4221057497
https://openalex.org/W4308993704,https://openalex.org/W3198299413
https://openalex.org/W4387333717,https://openalex.org/W4380087692
https://openalex.org/W4403302962,https://openalex.org/W3157614634
https://openalex.org/W4403302962,https://openalex.org/W3200809090
https://openalex.org/W4403302962,https://openalex.org/W4386530848
https://openalex.org/W4407235265,https://openalex.org/W4318586845
https://openalex.org/W4407235265,https://openalex.org/W4388007522
https://openalex.org/W4407235265,https://openalex.org/W4403808053
https://openalex.org/W4417283662,https://openalex.org/W4403662090
https://openalex.org/W4417283662,https://openalex.org/W4414359273
https://openalex.org/W4417283662,https://openalex.org/W4414359367
https://openalex.org/W4417093668,https://openalex.org/W4309702764
https://openalex.org/W4392523042,https://openalex.org/W3164962350
https://openalex.org/W4392523042,https://openalex.org/W3184968032
https://openalex.org/W4392523042,https://openalex.org/W4210275647
https://openalex.org/W4392523042,https://openalex.org/W4224871336
https://openalex.org/W4392523042,https://openalex.org/W4286492152
https://openalex.org/W4392523042,https://openalex.org/W4307125471
https://openalex.org/W4392523042,https://openalex.org/W4366352829
https://openalex.org/W7168170633,https://openalex.org/W4223541099
https://openalex.org/W7168170633,https://openalex.org/W4403837013
https://openalex.org/W7168170633,https://openalex.org/W4414143103
https://openalex.org/W7168170633,https://openalex.org/W4414583638
https://openalex.org/W4396610491,https://openalex.org/W3206471890
https://openalex.org/W4396610491,https://openalex.org/W4313261770
https://openalex.org/W4414117855,https://openalex.org/W4399485326
https://openalex.org/W7153161787,https://openalex.org/W4415749683
https://openalex.org/W3160031774,https://openalex.org/W3127361977
https://openalex.org/W4409488408,https://openalex.org/W4229372033
https://openalex.org/W4409488408,https://openalex.org/W4372780904
https://openalex.org/W4409488408,https://openalex.org/W4383893913
https://openalex.org/W4409488408,https://openalex.org/W4390669646
https://openalex.org/W4285190326,https://openalex.org/W3144579818
https://openalex.org/W2933508680,https://openalex.org/W3183861986
https://openalex.org/W2933508680,https://openalex.org/W3191581979
https://openalex.org/W4304608658,https://openalex.org/W3111773084
https://openalex.org/W4304608658,https://openalex.org/W3128834303
https://openalex.org/W4415104054,https://openalex.org/W4210653628
https://openalex.org/W4415104054,https://openalex.org/W4289518974
https://openalex.org/W4415104054,https://openalex.org/W4402599931
https://openalex.org/W7131353366,https://openalex.org/W3135523531
https://openalex.org/W7131353366,https://openalex.org/W4409183638
https://openalex.org/W4377101750,https://openalex.org/W3172592264
https://openalex.org/W4399561985,https://openalex.org/W4387293309
https://openalex.org/W4399561985,https://openalex.org/W4400883379
https://openalex.org/W4414426161,https://openalex.org/W4396613374
https://openalex.org/W4414426161,https://openalex.org/W4402574149
https://openalex.org/W3200952508,https://openalex.org/W3163877149
https://openalex.org/W4323270109,https://openalex.org/W3136431815
https://openalex.org/W4323270109,https://openalex.org/W3157037438
https://openalex.org/W4323270109,https://openalex.org/W4220666760
https://openalex.org/W4323270109,https://openalex.org/W4313473074
https://openalex.org/W4323270109,https://openalex.org/W4323270109
https://openalex.org/W4415214289,https://openalex.org/W4281630196
https://openalex.org/W4415214289,https://openalex.org/W4387374162
https://openalex.org/W4415214289,https://openalex.org/W4392543509
https://openalex.org/W4388183508,https://openalex.org/W3125018023
https://openalex.org/W4391772776,https://openalex.org/W4221063824
https://openalex.org/W4396557627,https://openalex.org/W4380324054
https://openalex.org/W4320524423,https://openalex.org/W4205200589
https://openalex.org/W4320524423,https://openalex.org/W4220848155
https://openalex.org/W4320524423,https://openalex.org/W4221014108
https://openalex.org/W4385345197,https://openalex.org/W4220863096
https://openalex.org/W4381110663,https://openalex.org/W3122929861
https://openalex.org/W3164049387,https://openalex.org/W3133055206
https://openalex.org/W4200007621,https://openalex.org/W3155177801
https://openalex.org/W7169550034,https://openalex.org/W4408662430
https://openalex.org/W7169550034,https://openalex.org/W4413430600
https://openalex.org/W7131130210,https://openalex.org/W4291011190
https://openalex.org/W7131130210,https://openalex.org/W4317366324
https://openalex.org/W4307771787,https://openalex.org/W3139442454
https://openalex.org/W4307771787,https://openalex.org/W4200124029
https://openalex.org/W4307771787,https://openalex.org/W4282920390
https://openalex.org/W4414560283,https://openalex.org/W3193691077
https://openalex.org/W4414560283,https://openalex.org/W4409463684
https://openalex.org/W4225644723,https://openalex.org/W3165564278
https://openalex.org/W4405725232,https://openalex.org/W4391474836
https://openalex.org/W4405725232,https://openalex.org/W4405725232
https://openalex.org/W4412400849,https://openalex.org/W4412400849
https://openalex.org/W7160865740,https://openalex.org/W4410528875
https://openalex.org/W4366124456,https://openalex.org/W4366124456
https://openalex.org/W7197037244,https://openalex.org/W3209720241
https://openalex.org/W7197037244,https://openalex.org/W4210864311
https://openalex.org/W7197037244,https://openalex.org/W4415950046
https://openalex.org/W7197037244,https://openalex.org/W7147643315
https://openalex.org/W7171613757,https://openalex.org/W7131809751
https://openalex.org/W4324332755,https://openalex.org/W4296416787
https://openalex.org/W4324332755,https://openalex.org/W4312866492
https://openalex.org/W4324332755,https://openalex.org/W4324332700
https://openalex.org/W4324332755,https://openalex.org/W4324332735
https://openalex.org/W3210326142,https://openalex.org/W3120333908
https://openalex.org/W4407432071,https://openalex.org/W2890604215
https://openalex.org/W4407432071,https://openalex.org/W2999610861
https://openalex.org/W4407432071,https://openalex.org/W3049455208
https://openalex.org/W4407432071,https://openalex.org/W3126160272
https://openalex.org/W4407432071,https://openalex.org/W4293770785
https://openalex.org/W4407432071,https://openalex.org/W4377691773
https://openalex.org/W4405964035,https://openalex.org/W4220864360
https://openalex.org/W4405964035,https://openalex.org/W4380789547
https://openalex.org/W4405964035,https://openalex.org/W4381308402
https://openalex.org/W4405964035,https://openalex.org/W4390755734
https://openalex.org/W3208533639,https://openalex.org/W3163541922
https://openalex.org/W4402531599,https://openalex.org/W4286449070
https://openalex.org/W4402531599,https://openalex.org/W4306761606
https://openalex.org/W4402531599,https://openalex.org/W4386518513
https://openalex.org/W4402531599,https://openalex.org/W4391943984
https://openalex.org/W3135640544,https://openalex.org/W3122013837
https://openalex.org/W4206039852,https://openalex.org/W3128623005
https://openalex.org/W4206039852,https://openalex.org/W3155818854
https://openalex.org/W4206039852,https://openalex.org/W3160228726
https://openalex.org/W4206039852,https://openalex.org/W3173520655
https://openalex.org/W4319294986,https://openalex.org/W3164962350
https://openalex.org/W4319294986,https://openalex.org/W3184968032
https://openalex.org/W4319294986,https://openalex.org/W4307125471
https://openalex.org/W7213236513,https://openalex.org/W7125153480
https://openalex.org/W7117990882,https://openalex.org/W4280535988
https://openalex.org/W7117990882,https://openalex.org/W4297902861
https://openalex.org/W7117990882,https://openalex.org/W4307571959
https://openalex.org/W7117990882,https://openalex.org/W4309832335
https://openalex.org/W7117990882,https://openalex.org/W4322739184
https://openalex.org/W7117990882,https://openalex.org/W4390750536
https://openalex.org/W7117990882,https://openalex.org/W4392594000
https://openalex.org/W7117990882,https://openalex.org/W4399783697
https://openalex.org/W4408260871,https://openalex.org/W3200054614
https://openalex.org/W4408260871,https://openalex.org/W4285596458
https://openalex.org/W4408260871,https://openalex.org/W4362552239
https://openalex.org/W4408260871,https://openalex.org/W4402231801
https://openalex.org/W4395014915,https://openalex.org/W4393659821
https://openalex.org/W4388826009,https://openalex.org/W3126770590
https://openalex.org/W4388826009,https://openalex.org/W3197136278
https://openalex.org/W4388826009,https://openalex.org/W4306158354
https://openalex.org/W4388826009,https://openalex.org/W4307125471
https://openalex.org/W4388826009,https://openalex.org/W4385522476
https://openalex.org/W4402313288,https://openalex.org/W4285388886
https://openalex.org/W4402313288,https://openalex.org/W4309187314
https://openalex.org/W4402313288,https://openalex.org/W4385264107
https://openalex.org/W4411047456,https://openalex.org/W4317932677
https://openalex.org/W4411047456,https://openalex.org/W4386346874
https://openalex.org/W4411047456,https://openalex.org/W4388718831
https://openalex.org/W3135686498,https://openalex.org/W3135686498
https://openalex.org/W4405520052,https://openalex.org/W4391611657
https://openalex.org/W4384665293,https://openalex.org/W3163388480
https://openalex.org/W4417291816,https://openalex.org/W3153626527
https://openalex.org/W4417291816,https://openalex.org/W3193420506
https://openalex.org/W4417291816,https://openalex.org/W4206197282
https://openalex.org/W4417291816,https://openalex.org/W4220934968
https://openalex.org/W4417291816,https://openalex.org/W4362458883
https://openalex.org/W4417291816,https://openalex.org/W4390494000
https://openalex.org/W4417291816,https://openalex.org/W4391519185
https://openalex.org/W4417291816,https://openalex.org/W4408151775
https://openalex.org/W3118259108,https://openalex.org/W2979683916
https://openalex.org/W3118259108,https://openalex.org/W3118259108
https://openalex.org/W4360999169,https://openalex.org/W3204013324
https://openalex.org/W4360999169,https://openalex.org/W4200089368
https://openalex.org/W4360999169,https://openalex.org/W4226317960
https://openalex.org/W4392147960,https://openalex.org/W4295959296
https://openalex.org/W7155631110,https://openalex.org/W4417026312
https://openalex.org/W4312222202,https://openalex.org/W3127434288
https://openalex.org/W4411326421,https://openalex.org/W3156190132
https://openalex.org/W4411326421,https://openalex.org/W3165072181
https://openalex.org/W3199351257,https://openalex.org/W3138005350
https://openalex.org/W3199351257,https://openalex.org/W3180308285
https://openalex.org/W4406818399,https://openalex.org/W3131280169
https://openalex.org/W4406818399,https://openalex.org/W4288074554
https://openalex.org/W4406818399,https://openalex.org/W4360873921
https://openalex.org/W4406818399,https://openalex.org/W4377693844
https://openalex.org/W4392512912,https://openalex.org/W4282841045
https://openalex.org/W4392512912,https://openalex.org/W4323664267
https://openalex.org/W4406124603,https://openalex.org/W3178648211
https://openalex.org/W4406124603,https://openalex.org/W4281395656
https://openalex.org/W4406124603,https://openalex.org/W4297541878
https://openalex.org/W4406124603,https://openalex.org/W4383550229
https://openalex.org/W7214630964,https://openalex.org/W4385643510
https://openalex.org/W7214630964,https://openalex.org/W4408171472
https://openalex.org/W4408226657,https://openalex.org/W4285494574
https://openalex.org/W4375865573,https://openalex.org/W3108723356
https://openalex.org/W4375865573,https://openalex.org/W4372302764
https://openalex.org/W4283015625,https://openalex.org/W3138990775
https://openalex.org/W4283015625,https://openalex.org/W3198335193
https://openalex.org/W4283015625,https://openalex.org/W3215226957
https://openalex.org/W4280489009,https://openalex.org/W3140147863
https://openalex.org/W4214897292,https://openalex.org/W3135747102
https://openalex.org/W4214897292,https://openalex.org/W3161325180
https://openalex.org/W4390507522,https://openalex.org/W4281772265
https://openalex.org/W4390507522,https://openalex.org/W4286252674
https://openalex.org/W4390507522,https://openalex.org/W4286675828
https://openalex.org/W4390507522,https://openalex.org/W4289831378
https://openalex.org/W4390507522,https://openalex.org/W4381433107
https://openalex.org/W4312221754,https://openalex.org/W3127873687
https://openalex.org/W4312221754,https://openalex.org/W3179180384
https://openalex.org/W4312221754,https://openalex.org/W3182953752
https://openalex.org/W4313451793,https://openalex.org/W4200049241
https://openalex.org/W7135012392,https://openalex.org/W4400356766
https://openalex.org/W4280557873,https://openalex.org/W3124543059
https://openalex.org/W4280557873,https://openalex.org/W3194709117
https://openalex.org/W4280557873,https://openalex.org/W4200563456
https://openalex.org/W4280557873,https://openalex.org/W4207077072
https://openalex.org/W4403574637,https://openalex.org/W3134195618
https://openalex.org/W4403574637,https://openalex.org/W3205108747
https://openalex.org/W4403574637,https://openalex.org/W4224241643
https://openalex.org/W7140503357,https://openalex.org/W4405920518
https://openalex.org/W7140503357,https://openalex.org/W4408978657
https://openalex.org/W4404630697,https://openalex.org/W4306174571
https://openalex.org/W4399102502,https://openalex.org/W3138730729
https://openalex.org/W4399102502,https://openalex.org/W3187769763
https://openalex.org/W4399102502,https://openalex.org/W3213282821
https://openalex.org/W4399102502,https://openalex.org/W4210857417
https://openalex.org/W4399102502,https://openalex.org/W4210935844
https://openalex.org/W4399102502,https://openalex.org/W4309720103
https://openalex.org/W4399102502,https://openalex.org/W4366993059
https://openalex.org/W4399102502,https://openalex.org/W4386501947
https://openalex.org/W4399102502,https://openalex.org/W4391514345
https://openalex.org/W4399102502,https://openalex.org/W4399238927
https://openalex.org/W4399102502,https://openalex.org/W4399238930
https://openalex.org/W4403577847,https://openalex.org/W3198583799
https://openalex.org/W4403577847,https://openalex.org/W4281731903
https://openalex.org/W4404871521,https://openalex.org/W3196907066
https://openalex.org/W4404871521,https://openalex.org/W4401216144
https://openalex.org/W7160555144,https://openalex.org/W4296894088
https://openalex.org/W7160555144,https://openalex.org/W4376610950
https://openalex.org/W7160555144,https://openalex.org/W4400603942
https://openalex.org/W7160555144,https://openalex.org/W4409644804
https://openalex.org/W7160555144,https://openalex.org/W4411491659
https://openalex.org/W4407159123,https://openalex.org/W3169740951
https://openalex.org/W4313480573,https://openalex.org/W4221006637
https://openalex.org/W7167039222,https://openalex.org/W4205910918
https://openalex.org/W7167039222,https://openalex.org/W4386691780
https://openalex.org/W7167039222,https://openalex.org/W4389794559
https://openalex.org/W7167039222,https://openalex.org/W4409140981
https://openalex.org/W4408422216,https://openalex.org/W4377943295
https://openalex.org/W4313244926,https://openalex.org/W3143807503
https://openalex.org/W4313244926,https://openalex.org/W4286471083
https://openalex.org/W4283657946,https://openalex.org/W4220694122
https://openalex.org/W7204275616,https://openalex.org/W4406818399
https://openalex.org/W4391097204,https://openalex.org/W4320350925
https://openalex.org/W4320912375,https://openalex.org/W4284890897
https://openalex.org/W4409484439,https://openalex.org/W3159961451
https://openalex.org/W4409484439,https://openalex.org/W4395070139
https://openalex.org/W4409484439,https://openalex.org/W4400377567
https://openalex.org/W4409484439,https://openalex.org/W4402098773
https://openalex.org/W4409484439,https://openalex.org/W4408492623
https://openalex.org/W3174598621,https://openalex.org/W3134504082
https://openalex.org/W4413737910,https://openalex.org/W4394905311
https://openalex.org/W4409482211,https://openalex.org/W3211422942
https://openalex.org/W3215594952,https://openalex.org/W3215689680
https://openalex.org/W4417432095,https://openalex.org/W3119402276
https://openalex.org/W4417432095,https://openalex.org/W3187751888
https://openalex.org/W4417432095,https://openalex.org/W4312192568
https://openalex.org/W4417432095,https://openalex.org/W4386026186
https://openalex.org/W4402079816,https://openalex.org/W4318455133
https://openalex.org/W4308485032,https://openalex.org/W4360856871
https://openalex.org/W4388014287,https://openalex.org/W3134615649
https://openalex.org/W4317606129,https://openalex.org/W3036104060
https://openalex.org/W4317606129,https://openalex.org/W3163305932
https://openalex.org/W4317606129,https://openalex.org/W3183720281
https://openalex.org/W4317606129,https://openalex.org/W3189080614
https://openalex.org/W4317606129,https://openalex.org/W4226017481
https://openalex.org/W7165963267,https://openalex.org/W4392000421
https://openalex.org/W4389935857,https://openalex.org/W4296669969
https://openalex.org/W4389935857,https://openalex.org/W4297989307
https://openalex.org/W4389318038,https://openalex.org/W4210266265
https://openalex.org/W4366977908,https://openalex.org/W4308774076
https://openalex.org/W4392230263,https://openalex.org/W3135747102
https://openalex.org/W4292772914,https://openalex.org/W4213432034
https://openalex.org/W4281749792,https://openalex.org/W3124700704
https://openalex.org/W4389262362,https://openalex.org/W3214399682
https://openalex.org/W4389262362,https://openalex.org/W4210437840
https://openalex.org/W4389262362,https://openalex.org/W4210653628
https://openalex.org/W4389262362,https://openalex.org/W4289518974
https://openalex.org/W4389262362,https://openalex.org/W4297473357
https://openalex.org/W4319600764,https://openalex.org/W4280625250
https://openalex.org/W4401262902,https://openalex.org/W3135747102
https://openalex.org/W4401262902,https://openalex.org/W3161325180
https://openalex.org/W4401262902,https://openalex.org/W4290844201
https://openalex.org/W4401262902,https://openalex.org/W4313646259
https://openalex.org/W4401262902,https://openalex.org/W4388448648
https://openalex.org/W4401262902,https://openalex.org/W4392230263
https://openalex.org/W7117979018,https://openalex.org/W4390750536
https://openalex.org/W4400833507,https://openalex.org/W4386211460
https://openalex.org/W4406349614,https://openalex.org/W3131624221
https://openalex.org/W4406349614,https://openalex.org/W3179854520
https://openalex.org/W7203837369,https://openalex.org/W7161144625
https://openalex.org/W4396785555,https://openalex.org/W3181637804
https://openalex.org/W4396785555,https://openalex.org/W4385678933
https://openalex.org/W4402862802,https://openalex.org/W4295132234
https://openalex.org/W4415058564,https://openalex.org/W4205783479
https://openalex.org/W4415058564,https://openalex.org/W4205825586
https://openalex.org/W4415058564,https://openalex.org/W4313608416
https://openalex.org/W4415058564,https://openalex.org/W4320710181
https://openalex.org/W4415058564,https://openalex.org/W4323892775
https://openalex.org/W4415058564,https://openalex.org/W4385968958
https://openalex.org/W4415058564,https://openalex.org/W4411102042
https://openalex.org/W4415058564,https://openalex.org/W4413272459
https://openalex.org/W4414129610,https://openalex.org/W4394905311
https://openalex.org/W3176839860,https://openalex.org/W3153646827
https://openalex.org/W4414512315,https://openalex.org/W3174443133
https://openalex.org/W7169834335,https://openalex.org/W4388898709
https://openalex.org/W7172396636,https://openalex.org/W4282942306
https://openalex.org/W7172396636,https://openalex.org/W4391090865
https://openalex.org/W7104601616,https://openalex.org/W4296967571
https://openalex.org/W4407996160,https://openalex.org/W3126619209
https://openalex.org/W3184968032,https://openalex.org/W3129711800
https://openalex.org/W4410515183,https://openalex.org/W4394692902
https://openalex.org/W4406593912,https://openalex.org/W4296782970
https://openalex.org/W4406593912,https://openalex.org/W4388680672
https://openalex.org/W4307199200,https://openalex.org/W3128110586
https://openalex.org/W4307199200,https://openalex.org/W3174393458
https://openalex.org/W4307199200,https://openalex.org/W4307199200
https://openalex.org/W4284693861,https://openalex.org/W4206676784
https://openalex.org/W3204177000,https://openalex.org/W3165052511
https://openalex.org/W7204907678,https://openalex.org/W3194373380
https://openalex.org/W7204907678,https://openalex.org/W4377823567
https://openalex.org/W7204907678,https://openalex.org/W4396641340
https://openalex.org/W7204907678,https://openalex.org/W4396808380
https://openalex.org/W7204907678,https://openalex.org/W7104546841
https://openalex.org/W4406029955,https://openalex.org/W3133604503
https://openalex.org/W4406029955,https://openalex.org/W3206812573
https://openalex.org/W4406029955,https://openalex.org/W3215183721
https://openalex.org/W4406029955,https://openalex.org/W4293693009
https://openalex.org/W4406029955,https://openalex.org/W4306818326
https://openalex.org/W4363651595,https://openalex.org/W3133329762
https://openalex.org/W4363651595,https://openalex.org/W4214863464
https://openalex.org/W4363651595,https://openalex.org/W4313577893
https://openalex.org/W4283825725,https://openalex.org/W4281700520
https://openalex.org/W7166710316,https://openalex.org/W4417183043
https://openalex.org/W7150221674,https://openalex.org/W4280625250
https://openalex.org/W3111477536,https://openalex.org/W3094781107
https://openalex.org/W4409165707,https://openalex.org/W4366259796
https://openalex.org/W4409165707,https://openalex.org/W4386926678
https://openalex.org/W4402563059,https://openalex.org/W4390262848
https://openalex.org/W4387564618,https://openalex.org/W3111752257
https://openalex.org/W4387564618,https://openalex.org/W3112618968
https://openalex.org/W4387564618,https://openalex.org/W3178960719
https://openalex.org/W4387564618,https://openalex.org/W4384201195
https://openalex.org/W2351445426,https://openalex.org/W2108143836
https://openalex.org/W2351445426,https://openalex.org/W2351445426
https://openalex.org/W4402047181,https://openalex.org/W4380048615
https://openalex.org/W4402047181,https://openalex.org/W4390777550
https://openalex.org/W7128501581,https://openalex.org/W4224861104
https://openalex.org/W7128501581,https://openalex.org/W4407963185
https://openalex.org/W4283068749,https://openalex.org/W3167912762
https://openalex.org/W4283068749,https://openalex.org/W3210379110
https://openalex.org/W4283068749,https://openalex.org/W4225312686
https://openalex.org/W4411869681,https://openalex.org/W4388698405
https://openalex.org/W4411869681,https://openalex.org/W4410818433
https://openalex.org/W4388658083,https://openalex.org/W4388658083
https://openalex.org/W4401117552,https://openalex.org/W4317932677
https://openalex.org/W4401117552,https://openalex.org/W4386346874
https://openalex.org/W4401117552,https://openalex.org/W4388718831
https://openalex.org/W4307136120,https://openalex.org/W3174375172
https://openalex.org/W7134047618,https://openalex.org/W3210896183
https://openalex.org/W7134047618,https://openalex.org/W4400279553
https://openalex.org/W7134047618,https://openalex.org/W4412795198
https://openalex.org/W4404211791,https://openalex.org/W3164962350
https://openalex.org/W4404211791,https://openalex.org/W3169530204
https://openalex.org/W4404211791,https://openalex.org/W4224871336
https://openalex.org/W4404211791,https://openalex.org/W4307125471
https://openalex.org/W4404211791,https://openalex.org/W4386083666
https://openalex.org/W4404211791,https://openalex.org/W4386485017
https://openalex.org/W4404211791,https://openalex.org/W4388018939
https://openalex.org/W4404211791,https://openalex.org/W4390245576
https://openalex.org/W4399974470,https://openalex.org/W4399382013
https://openalex.org/W4399974470,https://openalex.org/W4399974470
https://openalex.org/W4392715968,https://openalex.org/W3198697586
https://openalex.org/W7139981768,https://openalex.org/W4387122519
https://openalex.org/W7139981768,https://openalex.org/W4412104911
https://openalex.org/W7139981768,https://openalex.org/W4415958714
https://openalex.org/W4220896880,https://openalex.org/W3126591276
https://openalex.org/W4220896880,https://openalex.org/W3137657824
https://openalex.org/W4395958938,https://openalex.org/W4385332751
https://openalex.org/W4395958938,https://openalex.org/W4391179737
https://openalex.org/W4223438099,https://openalex.org/W3121709350
https://openalex.org/W4223438099,https://openalex.org/W3155550370
https://openalex.org/W4223438099,https://openalex.org/W3155806984
https://openalex.org/W7134987447,https://openalex.org/W4318999333
https://openalex.org/W7134987447,https://openalex.org/W4327978558
https://openalex.org/W7134987447,https://openalex.org/W4406472164
https://openalex.org/W4392915553,https://openalex.org/W3156248256
https://openalex.org/W4392915553,https://openalex.org/W4221048678
https://openalex.org/W4306317693,https://openalex.org/W3178666498
https://openalex.org/W4306317693,https://openalex.org/W3210084272
https://openalex.org/W4306317693,https://openalex.org/W4226373550
https://openalex.org/W4381248472,https://openalex.org/W3195354527
https://openalex.org/W4381248472,https://openalex.org/W3210056739
https://openalex.org/W4399238927,https://openalex.org/W3138730729
https://openalex.org/W4399238927,https://openalex.org/W3187769763
https://openalex.org/W4399238927,https://openalex.org/W3213282821
https://openalex.org/W4399238927,https://openalex.org/W4210857417
https://openalex.org/W4399238927,https://openalex.org/W4312052252
https://openalex.org/W4399238927,https://openalex.org/W4366993059
https://openalex.org/W7118469379,https://openalex.org/W4401707486
https://openalex.org/W4394849557,https://openalex.org/W3120143721
https://openalex.org/W4322007720,https://openalex.org/W3188042085
https://openalex.org/W4367676337,https://openalex.org/W4310273449
https://openalex.org/W4367676337,https://openalex.org/W4393670649
https://openalex.org/W4390898280,https://openalex.org/W4384108682
https://openalex.org/W4205493984,https://openalex.org/W3120692788
https://openalex.org/W4205493984,https://openalex.org/W3135083166
https://openalex.org/W4390545922,https://openalex.org/W4384521413
https://openalex.org/W4390545922,https://openalex.org/W4390545922
https://openalex.org/W4390545922,https://openalex.org/W4400040933
https://openalex.org/W4386113143,https://openalex.org/W4386113143
https://openalex.org/W7161835582,https://openalex.org/W4220864360
https://openalex.org/W7161835582,https://openalex.org/W4303021939
https://openalex.org/W7161835582,https://openalex.org/W4323294709
https://openalex.org/W7161835582,https://openalex.org/W4387529101
https://openalex.org/W7161835582,https://openalex.org/W4399582087
https://openalex.org/W7161835582,https://openalex.org/W4401841992
https://openalex.org/W7204577043,https://openalex.org/W3112618968
https://openalex.org/W7204577043,https://openalex.org/W3139319730
https://openalex.org/W7204577043,https://openalex.org/W4384201195
https://openalex.org/W7204577043,https://openalex.org/W4394905311
https://openalex.org/W7117713402,https://openalex.org/W4399095985
https://openalex.org/W7117713402,https://openalex.org/W4400655713
https://openalex.org/W4248285949,https://openalex.org/W3212068121
https://openalex.org/W4391418063,https://openalex.org/W3136777397
https://openalex.org/W4391418063,https://openalex.org/W3166296073
https://openalex.org/W4281764884,https://openalex.org/W3171569184
https://openalex.org/W7161575604,https://openalex.org/W7124141422
https://openalex.org/W4385794468,https://openalex.org/W3134195618
https://openalex.org/W4385794468,https://openalex.org/W4294225545
https://openalex.org/W4385794468,https://openalex.org/W4311419502
https://openalex.org/W4297097433,https://openalex.org/W3119402276
https://openalex.org/W4297097433,https://openalex.org/W3215754791
https://openalex.org/W4297097433,https://openalex.org/W4237674139
https://openalex.org/W4390980019,https://openalex.org/W4317762145
https://openalex.org/W4385914308,https://openalex.org/W4285794562
https://openalex.org/W4409246704,https://openalex.org/W3101571101
https://openalex.org/W4409246704,https://openalex.org/W3216850583
https://openalex.org/W4409246704,https://openalex.org/W4384560535
https://openalex.org/W4407023447,https://openalex.org/W3193544778
https://openalex.org/W4407023447,https://openalex.org/W4293051801
https://openalex.org/W4385741065,https://openalex.org/W3126627207
https://openalex.org/W4385741065,https://openalex.org/W3134314150
https://openalex.org/W4385741065,https://openalex.org/W4283793747
https://openalex.org/W4385741065,https://openalex.org/W4285594379
https://openalex.org/W4385741065,https://openalex.org/W4298126387
https://openalex.org/W4385741065,https://openalex.org/W4312094454
https://openalex.org/W4385741065,https://openalex.org/W4380870855
https://openalex.org/W7133323176,https://openalex.org/W4285047193
https://openalex.org/W7133323176,https://openalex.org/W4406736106
https://openalex.org/W4385072008,https://openalex.org/W4286470629
https://openalex.org/W4381996497,https://openalex.org/W3199588701
https://openalex.org/W4383876504,https://openalex.org/W4282555607
https://openalex.org/W4383876504,https://openalex.org/W4317888455
https://openalex.org/W4393039142,https://openalex.org/W3199695806
https://openalex.org/W4401975942,https://openalex.org/W3206812573
https://openalex.org/W4401975942,https://openalex.org/W4289518974
https://openalex.org/W4401975942,https://openalex.org/W4387517556
https://openalex.org/W4401975942,https://openalex.org/W4389356826
https://openalex.org/W4407945320,https://openalex.org/W4404873226
https://openalex.org/W4403203095,https://openalex.org/W4309478445
https://openalex.org/W7120122620,https://openalex.org/W4313312498
https://openalex.org/W4221089838,https://openalex.org/W3188331302
https://openalex.org/W4207059806,https://openalex.org/W4210275647
https://openalex.org/W7161808668,https://openalex.org/W4392823358
https://openalex.org/W4407233873,https://openalex.org/W4224871336
https://openalex.org/W4407233873,https://openalex.org/W4366352829
https://openalex.org/W4407233873,https://openalex.org/W4386083666
https://openalex.org/W4407233873,https://openalex.org/W4388900964
https://openalex.org/W4407233873,https://openalex.org/W4391898790
https://openalex.org/W4407233873,https://openalex.org/W4401582277
https://openalex.org/W4407233873,https://openalex.org/W4402266102
https://openalex.org/W4414932935,https://openalex.org/W3131592423
https://openalex.org/W4414932935,https://openalex.org/W4400929699
https://openalex.org/W4400351372,https://openalex.org/W3215528006
https://openalex.org/W4400351372,https://openalex.org/W4327663232
https://openalex.org/W4400351372,https://openalex.org/W4366493057
https://openalex.org/W4410286320,https://openalex.org/W4205322653
https://openalex.org/W4391302080,https://openalex.org/W4385422641
https://openalex.org/W4311480767,https://openalex.org/W3158981226
https://openalex.org/W4311480767,https://openalex.org/W3165622871
https://openalex.org/W4409415992,https://openalex.org/W4388457212
https://openalex.org/W4409415992,https://openalex.org/W4409415944
https://openalex.org/W4400142905,https://openalex.org/W4315642852
https://openalex.org/W4416138593,https://openalex.org/W4389505461
https://openalex.org/W4411673469,https://openalex.org/W4392347077
https://openalex.org/W4405886958,https://openalex.org/W4390032499
https://openalex.org/W7211958339,https://openalex.org/W7165383958
https://openalex.org/W4393901689,https://openalex.org/W4200563456
https://openalex.org/W4393901689,https://openalex.org/W4207077072
https://openalex.org/W4393901689,https://openalex.org/W4280557873
https://openalex.org/W4393901689,https://openalex.org/W4281951565
https://openalex.org/W4393901689,https://openalex.org/W4283271016
https://openalex.org/W4393901689,https://openalex.org/W4295925815
https://openalex.org/W4408960454,https://openalex.org/W4319311008
https://openalex.org/W3166304050,https://openalex.org/W3119232002
https://openalex.org/W3166304050,https://openalex.org/W4234329723
https://openalex.org/W4383197792,https://openalex.org/W3196537242
https://openalex.org/W4319730600,https://openalex.org/W4210736625
https://openalex.org/W7166296211,https://openalex.org/W3129563346
https://openalex.org/W7166296211,https://openalex.org/W3158894716
https://openalex.org/W7166296211,https://openalex.org/W4290516270
https://openalex.org/W7166296211,https://openalex.org/W4294864774
https://openalex.org/W7166296211,https://openalex.org/W4308973895
https://openalex.org/W7166296211,https://openalex.org/W4378783628
https://openalex.org/W7166296211,https://openalex.org/W4400210913
https://openalex.org/W7166296211,https://openalex.org/W4401566911
https://openalex.org/W7166296211,https://openalex.org/W4405660782
https://openalex.org/W7166296211,https://openalex.org/W4413564876
https://openalex.org/W7166296211,https://openalex.org/W4414848838
https://openalex.org/W7166296211,https://openalex.org/W4416076201
https://openalex.org/W4416553250,https://openalex.org/W3164350006
https://openalex.org/W4416553250,https://openalex.org/W4310949003
https://openalex.org/W4205989410,https://openalex.org/W3125086289
https://openalex.org/W7160451975,https://openalex.org/W3138060508
https://openalex.org/W7160451975,https://openalex.org/W4306854380
https://openalex.org/W7160451975,https://openalex.org/W4382058288
https://openalex.org/W7160451975,https://openalex.org/W4386687373
https://openalex.org/W4403600222,https://openalex.org/W4226173052
https://openalex.org/W4403600222,https://openalex.org/W4387096487
https://openalex.org/W3193583425,https://openalex.org/W3193583425
https://openalex.org/W4401955691,https://openalex.org/W4307527688
https://openalex.org/W4401955691,https://openalex.org/W4308708840
https://openalex.org/W4401955691,https://openalex.org/W4320039140
https://openalex.org/W4401955691,https://openalex.org/W4384471217
https://openalex.org/W4385439370,https://openalex.org/W3174375172
https://openalex.org/W4385439370,https://openalex.org/W4206819973
https://openalex.org/W4385439370,https://openalex.org/W4292356720
https://openalex.org/W4390416441,https://openalex.org/W3163106017
https://openalex.org/W4390416441,https://openalex.org/W3175051200
https://openalex.org/W4390416441,https://openalex.org/W3200683982
https://openalex.org/W4389665953,https://openalex.org/W4285102634
https://openalex.org/W4389665953,https://openalex.org/W4312525108
https://openalex.org/W4410628768,https://openalex.org/W4406213960
https://openalex.org/W4406357336,https://openalex.org/W4318586845
https://openalex.org/W4406357336,https://openalex.org/W4388007522
https://openalex.org/W4406357336,https://openalex.org/W4407235265
https://openalex.org/W4376630587,https://openalex.org/W3188446399
https://openalex.org/W4376630587,https://openalex.org/W4220863096
https://openalex.org/W4376630587,https://openalex.org/W4223992310
https://openalex.org/W4376630587,https://openalex.org/W4292838867
https://openalex.org/W7167612043,https://openalex.org/W4404956351
https://openalex.org/W3201181389,https://openalex.org/W3192694809
https://openalex.org/W3154329225,https://openalex.org/W3131995241
https://openalex.org/W4404460405,https://openalex.org/W4200281644
https://openalex.org/W4404460405,https://openalex.org/W4395072014
https://openalex.org/W4411046833,https://openalex.org/W4372214840
https://openalex.org/W4411046833,https://openalex.org/W4387671652
https://openalex.org/W4411046833,https://openalex.org/W4391464187
https://openalex.org/W4411046833,https://openalex.org/W4402330537
https://openalex.org/W4378620022,https://openalex.org/W3168940469
https://openalex.org/W4378620022,https://openalex.org/W4220730998
https://openalex.org/W4382362863,https://openalex.org/W3172038393
https://openalex.org/W4382362863,https://openalex.org/W3200883005
https://openalex.org/W4382362863,https://openalex.org/W3211723386
https://openalex.org/W4382362863,https://openalex.org/W4200608449
https://openalex.org/W4382362863,https://openalex.org/W4377823342
https://openalex.org/W4416795165,https://openalex.org/W3127955572
https://openalex.org/W4416795165,https://openalex.org/W3130110303
https://openalex.org/W4416795165,https://openalex.org/W3134348585
https://openalex.org/W4416795165,https://openalex.org/W3141423632
https://openalex.org/W4416795165,https://openalex.org/W3154302106
https://openalex.org/W4416795165,https://openalex.org/W3158744777
https://openalex.org/W4416795165,https://openalex.org/W3183401208
https://openalex.org/W4416795165,https://openalex.org/W3196600366
https://openalex.org/W4416795165,https://openalex.org/W3211570432
https://openalex.org/W4416795165,https://openalex.org/W3213976245
https://openalex.org/W4416795165,https://openalex.org/W4213150195
https://openalex.org/W4416795165,https://openalex.org/W4214830679
https://openalex.org/W4416795165,https://openalex.org/W4284880244
https://openalex.org/W4416795165,https://openalex.org/W4288755655
https://openalex.org/W4416795165,https://openalex.org/W4288768585
https://openalex.org/W4416795165,https://openalex.org/W4308498415
https://openalex.org/W4416795165,https://openalex.org/W4311086240
https://openalex.org/W4416795165,https://openalex.org/W4313593826
https://openalex.org/W4416795165,https://openalex.org/W4323980228
https://openalex.org/W4416795165,https://openalex.org/W4365934802
https://openalex.org/W4416795165,https://openalex.org/W4366605716
https://openalex.org/W4416795165,https://openalex.org/W4386462242
https://openalex.org/W4416795165,https://openalex.org/W4386820780
https://openalex.org/W4416795165,https://openalex.org/W4387503581
https://openalex.org/W4416795165,https://openalex.org/W4387816229
https://openalex.org/W4416795165,https://openalex.org/W4388895464
https://openalex.org/W4416795165,https://openalex.org/W4389167131
https://openalex.org/W4416795165,https://openalex.org/W4389435296
https://openalex.org/W4416795165,https://openalex.org/W4391340910
https://openalex.org/W4416795165,https://openalex.org/W4392663908
https://openalex.org/W4416795165,https://openalex.org/W4396919513
https://openalex.org/W4416795165,https://openalex.org/W4399970858
https://openalex.org/W4416795165,https://openalex.org/W4400099204
https://openalex.org/W4416795165,https://openalex.org/W4400447652
https://openalex.org/W4416795165,https://openalex.org/W4400884047
https://openalex.org/W4416795165,https://openalex.org/W4402479734
https://openalex.org/W4416795165,https://openalex.org/W4405596277
https://openalex.org/W4416795165,https://openalex.org/W4408593457
https://openalex.org/W4416795165,https://openalex.org/W4408927820
https://openalex.org/W4416795165,https://openalex.org/W4409640777
https://openalex.org/W4416795165,https://openalex.org/W4409922583
https://openalex.org/W4416795165,https://openalex.org/W4409953705
https://openalex.org/W4416795165,https://openalex.org/W4409990392
https://openalex.org/W4416795165,https://openalex.org/W4411061051
https://openalex.org/W4416795165,https://openalex.org/W4411865023
https://openalex.org/W4416795165,https://openalex.org/W4413436310
https://openalex.org/W4416795165,https://openalex.org/W4415717067
https://openalex.org/W4403338313,https://openalex.org/W4212877296
https://openalex.org/W4394577117,https://openalex.org/W4225326258
https://openalex.org/W4394577117,https://openalex.org/W4313909594
https://openalex.org/W4394577117,https://openalex.org/W4386222063
https://openalex.org/W4394577117,https://openalex.org/W4392028327
https://openalex.org/W4401715271,https://openalex.org/W4200141021
https://openalex.org/W4401715271,https://openalex.org/W4205904032
https://openalex.org/W4401715271,https://openalex.org/W4324122179
https://openalex.org/W4401715271,https://openalex.org/W4391146671
https://openalex.org/W4401715271,https://openalex.org/W4391874209
https://openalex.org/W4401715271,https://openalex.org/W4393113630
https://openalex.org/W4401715271,https://openalex.org/W4400663506
https://openalex.org/W4366606990,https://openalex.org/W4210321753
https://openalex.org/W4416598946,https://openalex.org/W4372214840
https://openalex.org/W4416598946,https://openalex.org/W4387671652
https://openalex.org/W4416598946,https://openalex.org/W4408173943
https://openalex.org/W4400146155,https://openalex.org/W3214627820
https://openalex.org/W4416400036,https://openalex.org/W4407405587
https://openalex.org/W7167691468,https://openalex.org/W4200437223
https://openalex.org/W7167691468,https://openalex.org/W4391035356
https://openalex.org/W7167691468,https://openalex.org/W4391230945
https://openalex.org/W7167691468,https://openalex.org/W4394688152
https://openalex.org/W7167691468,https://openalex.org/W4405188151
https://openalex.org/W7167691468,https://openalex.org/W4405892128
https://openalex.org/W7167691468,https://openalex.org/W4415338555
https://openalex.org/W7167691468,https://openalex.org/W7170141576
https://openalex.org/W4392954082,https://openalex.org/W4318021325
https://openalex.org/W4312589922,https://openalex.org/W4367627324
https://openalex.org/W4404142846,https://openalex.org/W3167768535
https://openalex.org/W4404142846,https://openalex.org/W4306772682
https://openalex.org/W4404142846,https://openalex.org/W4390057013
https://openalex.org/W4404142846,https://openalex.org/W4394817595
https://openalex.org/W7167489965,https://openalex.org/W4200425809
https://openalex.org/W4392120362,https://openalex.org/W3115202110
https://openalex.org/W4392120362,https://openalex.org/W3154531344
https://openalex.org/W4392120362,https://openalex.org/W4387614336
https://openalex.org/W7205709716,https://openalex.org/W4220711675
https://openalex.org/W4319062633,https://openalex.org/W4200628968
https://openalex.org/W4292489368,https://openalex.org/W3138730729
https://openalex.org/W4410280580,https://openalex.org/W4285087937
https://openalex.org/W4410280580,https://openalex.org/W4289755677
https://openalex.org/W4410280580,https://openalex.org/W4307585183
https://openalex.org/W4410280580,https://openalex.org/W4384126558
https://openalex.org/W4410280580,https://openalex.org/W4405536722
https://openalex.org/W4214929307,https://openalex.org/W3122248118
https://openalex.org/W4214929307,https://openalex.org/W4214929307
https://openalex.org/W4416388601,https://openalex.org/W3161325180
https://openalex.org/W4416388601,https://openalex.org/W4220927103
https://openalex.org/W4416388601,https://openalex.org/W4290844201
https://openalex.org/W4403680390,https://openalex.org/W4220739262
https://openalex.org/W4403680390,https://openalex.org/W4284689619
https://openalex.org/W4403680390,https://openalex.org/W4360584209
https://openalex.org/W4403680390,https://openalex.org/W4399113395
https://openalex.org/W4410776018,https://openalex.org/W3204692621
https://openalex.org/W7202203868,https://openalex.org/W4309775127
https://openalex.org/W7202203868,https://openalex.org/W4410530773
https://openalex.org/W4409414937,https://openalex.org/W4307985194
https://openalex.org/W4409414937,https://openalex.org/W4405505822
https://openalex.org/W4211112298,https://openalex.org/W4211195814
https://openalex.org/W4386097801,https://openalex.org/W3198299413
https://openalex.org/W4416815201,https://openalex.org/W4295959296
https://openalex.org/W4416815201,https://openalex.org/W4389702619
https://openalex.org/W4416815201,https://openalex.org/W4399699140
https://openalex.org/W4416815201,https://openalex.org/W4405464791
https://openalex.org/W4416815201,https://openalex.org/W4413428856
https://openalex.org/W4416815201,https://openalex.org/W4414499342
https://openalex.org/W4379011314,https://openalex.org/W4229368174
https://openalex.org/W4401613421,https://openalex.org/W3135192710
https://openalex.org/W4401613421,https://openalex.org/W3183329356
https://openalex.org/W4401613421,https://openalex.org/W4313400145
https://openalex.org/W4401613421,https://openalex.org/W4390673656
https://openalex.org/W4401613421,https://openalex.org/W4392037887
https://openalex.org/W7128438206,https://openalex.org/W4379209248
https://openalex.org/W7128438206,https://openalex.org/W4392158813
https://openalex.org/W7128438206,https://openalex.org/W4404361650
https://openalex.org/W7128438206,https://openalex.org/W4411290764
https://openalex.org/W4409517669,https://openalex.org/W4224243249
https://openalex.org/W4381433107,https://openalex.org/W4281772265
https://openalex.org/W4381433107,https://openalex.org/W4286252674
https://openalex.org/W4381433107,https://openalex.org/W4289831378
https://openalex.org/W7171668446,https://openalex.org/W3179709780
https://openalex.org/W7171668446,https://openalex.org/W3198185433
https://openalex.org/W4315784059,https://openalex.org/W3197244601
https://openalex.org/W4366495375,https://openalex.org/W3139031185
https://openalex.org/W4366495375,https://openalex.org/W4224271177
https://openalex.org/W4366495375,https://openalex.org/W4283025150
https://openalex.org/W4412752966,https://openalex.org/W4366452046
https://openalex.org/W4412752966,https://openalex.org/W4396495015
https://openalex.org/W4412752966,https://openalex.org/W4406572420
https://openalex.org/W4391686278,https://openalex.org/W4327614113
https://openalex.org/W7125902725,https://openalex.org/W3138355402
https://openalex.org/W7162775604,https://openalex.org/W3138990775
https://openalex.org/W7162775604,https://openalex.org/W3215226957
https://openalex.org/W7162775604,https://openalex.org/W4283015625
https://openalex.org/W7162775604,https://openalex.org/W4388414460
https://openalex.org/W7162775604,https://openalex.org/W4394754131
https://openalex.org/W7162775604,https://openalex.org/W4410519224
https://openalex.org/W7162775604,https://openalex.org/W4411830766
https://openalex.org/W7204491198,https://openalex.org/W4213124374
https://openalex.org/W7204491198,https://openalex.org/W4285798842
https://openalex.org/W7204491198,https://openalex.org/W4404536509
https://openalex.org/W7204491198,https://openalex.org/W4412192827
https://openalex.org/W4409806987,https://openalex.org/W4366150187
https://openalex.org/W4223513577,https://openalex.org/W4212933445
https://openalex.org/W7161821968,https://openalex.org/W4411353399
https://openalex.org/W4387517869,https://openalex.org/W3129892326
https://openalex.org/W4387517869,https://openalex.org/W3167088720
https://openalex.org/W4387517869,https://openalex.org/W3210032307
https://openalex.org/W4387517869,https://openalex.org/W4214879128
https://openalex.org/W4376615435,https://openalex.org/W3208220618
https://openalex.org/W7215084503,https://openalex.org/W3196164061
https://openalex.org/W7215084503,https://openalex.org/W4395673291
https://openalex.org/W4391893514,https://openalex.org/W4225576441
https://openalex.org/W4391893514,https://openalex.org/W4391111350
https://openalex.org/W4306688040,https://openalex.org/W3134615649
https://openalex.org/W4410872393,https://openalex.org/W3122505511
https://openalex.org/W4417104369,https://openalex.org/W4395662767
https://openalex.org/W4417104369,https://openalex.org/W4406912928
https://openalex.org/W4409163296,https://openalex.org/W4394905311
https://openalex.org/W4413146086,https://openalex.org/W3200914073
https://openalex.org/W4413146086,https://openalex.org/W4318187172
https://openalex.org/W4283688636,https://openalex.org/W3186785348
https://openalex.org/W4396707473,https://openalex.org/W4309550194
https://openalex.org/W4284994150,https://openalex.org/W3201866429
https://openalex.org/W4284994150,https://openalex.org/W4206262260
https://openalex.org/W4284994150,https://openalex.org/W4224305133
https://openalex.org/W4225777495,https://openalex.org/W2990187828
https://openalex.org/W4225777495,https://openalex.org/W3191420927
https://openalex.org/W4210731564,https://openalex.org/W3194023449
https://openalex.org/W4210731564,https://openalex.org/W3195597029
https://openalex.org/W4282932639,https://openalex.org/W3111752257
https://openalex.org/W4282932639,https://openalex.org/W3112618968
https://openalex.org/W4282932639,https://openalex.org/W3178960719
https://openalex.org/W4387700039,https://openalex.org/W2963002078
https://openalex.org/W4387700039,https://openalex.org/W3127013726
https://openalex.org/W4408100186,https://openalex.org/W3120784776
https://openalex.org/W4408100186,https://openalex.org/W3194052897
https://openalex.org/W4408100186,https://openalex.org/W4312645560
https://openalex.org/W4408100186,https://openalex.org/W4313518310
https://openalex.org/W4408100186,https://openalex.org/W4361853982
https://openalex.org/W4408100186,https://openalex.org/W4379259674
https://openalex.org/W4408100186,https://openalex.org/W4385453616
https://openalex.org/W4408100186,https://openalex.org/W4386159341
https://openalex.org/W4408100186,https://openalex.org/W4401211655
https://openalex.org/W4408100186,https://openalex.org/W4402686870
https://openalex.org/W7155065530,https://openalex.org/W4392059253
https://openalex.org/W7155065530,https://openalex.org/W4410992269
https://openalex.org/W4400486195,https://openalex.org/W3120569425
https://openalex.org/W4400486195,https://openalex.org/W3168316121
https://openalex.org/W4400486195,https://openalex.org/W4392762399
https://openalex.org/W4360597272,https://openalex.org/W3188301151
https://openalex.org/W4414347211,https://openalex.org/W4391774702
https://openalex.org/W4414140315,https://openalex.org/W4213085895
https://openalex.org/W4414140315,https://openalex.org/W4389623186
https://openalex.org/W4417211736,https://openalex.org/W4401211033
https://openalex.org/W3206768040,https://openalex.org/W3161452017
https://openalex.org/W4405638383,https://openalex.org/W2963002078
https://openalex.org/W4405638383,https://openalex.org/W4392111378
https://openalex.org/W4403432518,https://openalex.org/W4242851664
https://openalex.org/W4281725079,https://openalex.org/W4281674429
https://openalex.org/W4388183660,https://openalex.org/W4388183508
https://openalex.org/W7160284685,https://openalex.org/W4405726218
https://openalex.org/W7165393976,https://openalex.org/W4411975713
https://openalex.org/W4323321934,https://openalex.org/W3187941492
https://openalex.org/W7165139063,https://openalex.org/W4320484637
https://openalex.org/W7165139063,https://openalex.org/W4412741670
https://openalex.org/W4291464992,https://openalex.org/W3153646827
https://openalex.org/W4391487350,https://openalex.org/W3136917745
https://openalex.org/W4391487350,https://openalex.org/W4221018640
https://openalex.org/W4225747483,https://openalex.org/W4225747483
https://openalex.org/W4409060059,https://openalex.org/W4310449368
https://openalex.org/W4409060059,https://openalex.org/W4312219141
https://openalex.org/W4409060059,https://openalex.org/W4378842868
https://openalex.org/W4409060059,https://openalex.org/W4386159140
https://openalex.org/W4409060059,https://openalex.org/W4386260189
https://openalex.org/W4409060059,https://openalex.org/W4390416451
https://openalex.org/W4409060059,https://openalex.org/W4390606299
https://openalex.org/W4409060059,https://openalex.org/W4391424134
https://openalex.org/W4409060059,https://openalex.org/W4391759783
https://openalex.org/W4409060059,https://openalex.org/W4393144915
https://openalex.org/W4409060059,https://openalex.org/W4393864284
https://openalex.org/W4409060059,https://openalex.org/W4394595774
https://openalex.org/W4409060059,https://openalex.org/W4396575244
https://openalex.org/W4409060059,https://openalex.org/W4402595128
https://openalex.org/W4392001857,https://openalex.org/W4324157285
https://openalex.org/W4388484454,https://openalex.org/W4308989636
https://openalex.org/W7154904859,https://openalex.org/W3184330986
https://openalex.org/W7154904859,https://openalex.org/W4210644160
https://openalex.org/W4392596616,https://openalex.org/W3036104060
https://openalex.org/W4392596616,https://openalex.org/W3163305932
https://openalex.org/W4392596616,https://openalex.org/W4226017481
https://openalex.org/W4392596616,https://openalex.org/W4317606129
https://openalex.org/W4415530493,https://openalex.org/W3111211383
https://openalex.org/W4415530493,https://openalex.org/W4285732530
https://openalex.org/W4415530493,https://openalex.org/W4372298597
https://openalex.org/W7168490974,https://openalex.org/W3200683982
https://openalex.org/W7168490974,https://openalex.org/W4410027450
https://openalex.org/W7168490974,https://openalex.org/W7128795090
https://openalex.org/W3164999091,https://openalex.org/W3164999091
https://openalex.org/W4366988397,https://openalex.org/W4220790564
https://openalex.org/W4366988397,https://openalex.org/W4225407198
https://openalex.org/W4366988397,https://openalex.org/W4281660682
https://openalex.org/W4366988397,https://openalex.org/W4304889418
https://openalex.org/W4308680517,https://openalex.org/W4226000788
https://openalex.org/W4404843515,https://openalex.org/W4391235064
https://openalex.org/W4221148127,https://openalex.org/W3118467713
https://openalex.org/W4221148127,https://openalex.org/W3122059388
https://openalex.org/W4221148127,https://openalex.org/W3216098551
https://openalex.org/W4221148127,https://openalex.org/W4221078539
https://openalex.org/W7161291042,https://openalex.org/W4407155752
https://openalex.org/W4413895277,https://openalex.org/W4387954002
https://openalex.org/W4413895277,https://openalex.org/W4388551749
https://openalex.org/W4413895277,https://openalex.org/W4394582117
https://openalex.org/W4413895277,https://openalex.org/W4396806295
https://openalex.org/W4392816777,https://openalex.org/W3195285363
https://openalex.org/W4392816777,https://openalex.org/W4229006963
https://openalex.org/W4392816777,https://openalex.org/W4296711220
https://openalex.org/W4392816777,https://openalex.org/W4304996631
https://openalex.org/W4392816777,https://openalex.org/W4306681774
https://openalex.org/W4392816777,https://openalex.org/W4308259629
https://openalex.org/W4312884807,https://openalex.org/W4220853993
https://openalex.org/W4377927179,https://openalex.org/W4220847728
https://openalex.org/W4377927179,https://openalex.org/W4225247533
https://openalex.org/W4306888997,https://openalex.org/W3165955998
https://openalex.org/W4385297804,https://openalex.org/W4214861448
https://openalex.org/W4313400145,https://openalex.org/W3172547656
https://openalex.org/W4313400145,https://openalex.org/W3183329356
https://openalex.org/W4411046245,https://openalex.org/W4386268022
https://openalex.org/W4367397419,https://openalex.org/W4213432034
https://openalex.org/W4307565043,https://openalex.org/W3193501617
https://openalex.org/W4307565043,https://openalex.org/W3201331982
https://openalex.org/W4388042582,https://openalex.org/W2963002078
https://openalex.org/W4316036022,https://openalex.org/W4288034651
https://openalex.org/W4391688511,https://openalex.org/W4283779953
https://openalex.org/W4398141730,https://openalex.org/W4291536270
https://openalex.org/W7127043479,https://openalex.org/W4308036860
https://openalex.org/W7127043479,https://openalex.org/W4386481910
https://openalex.org/W7127043479,https://openalex.org/W4396781595
https://openalex.org/W4412763853,https://openalex.org/W3199588701
https://openalex.org/W4412763853,https://openalex.org/W4381996497
https://openalex.org/W7160284781,https://openalex.org/W3161063851
https://openalex.org/W7160284781,https://openalex.org/W4388871242
https://openalex.org/W7160284781,https://openalex.org/W4399934501
https://openalex.org/W7160284781,https://openalex.org/W4408243174
https://openalex.org/W4317611120,https://openalex.org/W4280604911
https://openalex.org/W4415571196,https://openalex.org/W4399855228
https://openalex.org/W4415571196,https://openalex.org/W4412094491
https://openalex.org/W7135030449,https://openalex.org/W4386019924
https://openalex.org/W7135030449,https://openalex.org/W4400085111
https://openalex.org/W7135030449,https://openalex.org/W4410010342
https://openalex.org/W4388300805,https://openalex.org/W4206580096
https://openalex.org/W4392078360,https://openalex.org/W4213124374
https://openalex.org/W4392078360,https://openalex.org/W4285602605
https://openalex.org/W4392078360,https://openalex.org/W4378839547
https://openalex.org/W4392078360,https://openalex.org/W4390577402
https://openalex.org/W4321438605,https://openalex.org/W3125193838
https://openalex.org/W4321438605,https://openalex.org/W4220894822
https://openalex.org/W4321438605,https://openalex.org/W4313577893
https://openalex.org/W4391069908,https://openalex.org/W4319726866
https://openalex.org/W4390409779,https://openalex.org/W4253933763
https://openalex.org/W4390409779,https://openalex.org/W4281291537
https://openalex.org/W4405392741,https://openalex.org/W3140145209
https://openalex.org/W4312621827,https://openalex.org/W3188354222
https://openalex.org/W7168248285,https://openalex.org/W3124297876
https://openalex.org/W7168248285,https://openalex.org/W4206484652
https://openalex.org/W7168248285,https://openalex.org/W4280607885
https://openalex.org/W7168248285,https://openalex.org/W4285083511
https://openalex.org/W7168248285,https://openalex.org/W4296977078
https://openalex.org/W7168248285,https://openalex.org/W4376610950
https://openalex.org/W7168248285,https://openalex.org/W4416009210
https://openalex.org/W4406157483,https://openalex.org/W4388108488
https://openalex.org/W4406157483,https://openalex.org/W4391093839
https://openalex.org/W4406157483,https://openalex.org/W4393183862
https://openalex.org/W4406157483,https://openalex.org/W4400409887
https://openalex.org/W4406157483,https://openalex.org/W4400409906
https://openalex.org/W4414758209,https://openalex.org/W4214569849
https://openalex.org/W4414758209,https://openalex.org/W4361029949
https://openalex.org/W4414758209,https://openalex.org/W4393144915
https://openalex.org/W4296820423,https://openalex.org/W3134300104
https://openalex.org/W4296820423,https://openalex.org/W4205563773
https://openalex.org/W4296820423,https://openalex.org/W4229002888
https://openalex.org/W4383742132,https://openalex.org/W3216422830
https://openalex.org/W4383742132,https://openalex.org/W4224947484
https://openalex.org/W4383742132,https://openalex.org/W4378072445
https://openalex.org/W4405110759,https://openalex.org/W4360612585
https://openalex.org/W4405110759,https://openalex.org/W4388128237
https://openalex.org/W4372269182,https://openalex.org/W4200273234
https://openalex.org/W4372269182,https://openalex.org/W4224871336
https://openalex.org/W4372269182,https://openalex.org/W4388018939
https://openalex.org/W4318586845,https://openalex.org/W3133576449
https://openalex.org/W4388630955,https://openalex.org/W3119224404
https://openalex.org/W4388630955,https://openalex.org/W3135523531
https://openalex.org/W4388630955,https://openalex.org/W3182540222
https://openalex.org/W4388630955,https://openalex.org/W3208018930
https://openalex.org/W4388630955,https://openalex.org/W4313479131
https://openalex.org/W7203682255,https://openalex.org/W4317434061
https://openalex.org/W7203682255,https://openalex.org/W4400088811
https://openalex.org/W7203682255,https://openalex.org/W4408662430
https://openalex.org/W7203682255,https://openalex.org/W4413430600
https://openalex.org/W7203682255,https://openalex.org/W7130609481
https://openalex.org/W4411683421,https://openalex.org/W3129426031
https://openalex.org/W4411683421,https://openalex.org/W4372214840
https://openalex.org/W4411683421,https://openalex.org/W4382680263
https://openalex.org/W4414556622,https://openalex.org/W3194194006
https://openalex.org/W4414556622,https://openalex.org/W3213877749
https://openalex.org/W4414556622,https://openalex.org/W3216141365
https://openalex.org/W4414556622,https://openalex.org/W4297996839
https://openalex.org/W4414556622,https://openalex.org/W4380434244
https://openalex.org/W4414556622,https://openalex.org/W4392817764
https://openalex.org/W3120110960,https://openalex.org/W3152783664
https://openalex.org/W4390575186,https://openalex.org/W2797547379
https://openalex.org/W4390575186,https://openalex.org/W3189426211
https://openalex.org/W4390575186,https://openalex.org/W3207372427
https://openalex.org/W7214653878,https://openalex.org/W7124701235
https://openalex.org/W4367598665,https://openalex.org/W3159961903
https://openalex.org/W4307359626,https://openalex.org/W3165052511
https://openalex.org/W4300688392,https://openalex.org/W4220752070
https://openalex.org/W4317864626,https://openalex.org/W3157140118
https://openalex.org/W4393973765,https://openalex.org/W3121709350
https://openalex.org/W4393973765,https://openalex.org/W3155806984
https://openalex.org/W4393973765,https://openalex.org/W3156446579
https://openalex.org/W4393973765,https://openalex.org/W4223438099
https://openalex.org/W4242451804,https://openalex.org/W3126619135
https://openalex.org/W4323660931,https://openalex.org/W3035534995
https://openalex.org/W4323660931,https://openalex.org/W3194194006
https://openalex.org/W4294864632,https://openalex.org/W3129711800
https://openalex.org/W4294864632,https://openalex.org/W3175629170
https://openalex.org/W4294864632,https://openalex.org/W3184968032
https://openalex.org/W4294864632,https://openalex.org/W3200021964
https://openalex.org/W4294864632,https://openalex.org/W4224871336
https://openalex.org/W4407842620,https://openalex.org/W3214858720
https://openalex.org/W2911257994,https://openalex.org/W4390011426
https://openalex.org/W4386532159,https://openalex.org/W3213657016
https://openalex.org/W4386532159,https://openalex.org/W4297237783
https://openalex.org/W4386453521,https://openalex.org/W3203593820
https://openalex.org/W4367298921,https://openalex.org/W4200070608
https://openalex.org/W4398151986,https://openalex.org/W4365795551
https://openalex.org/W4387665366,https://openalex.org/W4387665366
https://openalex.org/W4361277447,https://openalex.org/W3155407021
https://openalex.org/W4361277447,https://openalex.org/W3167353994
https://openalex.org/W4361277447,https://openalex.org/W3200247082
https://openalex.org/W4361277447,https://openalex.org/W4306809803
https://openalex.org/W4392111378,https://openalex.org/W3131624221
https://openalex.org/W4392111378,https://openalex.org/W3178960719
https://openalex.org/W4398163826,https://openalex.org/W4224247473
https://openalex.org/W4393144915,https://openalex.org/W4285217068
https://openalex.org/W4393144915,https://openalex.org/W4286620286
https://openalex.org/W4393144915,https://openalex.org/W4361029949
https://openalex.org/W4393144915,https://openalex.org/W4386159140
https://openalex.org/W4401038327,https://openalex.org/W4401038327
https://openalex.org/W4407269857,https://openalex.org/W4401215029
https://openalex.org/W7214108494,https://openalex.org/W4402110527
https://openalex.org/W7214108494,https://openalex.org/W4413257889
https://openalex.org/W7214108494,https://openalex.org/W4416201832
https://openalex.org/W7214108494,https://openalex.org/W7154022732
https://openalex.org/W7214108494,https://openalex.org/W7155224307
https://openalex.org/W4401120719,https://openalex.org/W4306250673
https://openalex.org/W7160265672,https://openalex.org/W4391145469
https://openalex.org/W7160265672,https://openalex.org/W4406288367
https://openalex.org/W7160265672,https://openalex.org/W4410038996
https://openalex.org/W7160265672,https://openalex.org/W7117299631
https://openalex.org/W4393387427,https://openalex.org/W3156248256
https://openalex.org/W4393387427,https://openalex.org/W3170614875
https://openalex.org/W4393387427,https://openalex.org/W4205200589
https://openalex.org/W4393387427,https://openalex.org/W4291002327
https://openalex.org/W4393387427,https://openalex.org/W4292493518
https://openalex.org/W4393387427,https://openalex.org/W4388039745
https://openalex.org/W4393387427,https://openalex.org/W4392915553
https://openalex.org/W4381050551,https://openalex.org/W3012690826
https://openalex.org/W4381050551,https://openalex.org/W3087101851
https://openalex.org/W4381050551,https://openalex.org/W3128239482
https://openalex.org/W4381050551,https://openalex.org/W3138355402
https://openalex.org/W4381050551,https://openalex.org/W3181562686
https://openalex.org/W4381050551,https://openalex.org/W3200913422
https://openalex.org/W4381050551,https://openalex.org/W4311981820
https://openalex.org/W3135747102,https://openalex.org/W3135747102
https://openalex.org/W3141942560,https://openalex.org/W3128849487
https://openalex.org/W4406027809,https://openalex.org/W3156246440
https://openalex.org/W4406027809,https://openalex.org/W4393020422
https://openalex.org/W3193451618,https://openalex.org/W3154461191
https://openalex.org/W3193451618,https://openalex.org/W3178664441
https://openalex.org/W4400112974,https://openalex.org/W4392625154
https://openalex.org/W4404013251,https://openalex.org/W4392579340
https://openalex.org/W4401551228,https://openalex.org/W4394621093
https://openalex.org/W4220774308,https://openalex.org/W3130566328
https://openalex.org/W4294626342,https://openalex.org/W3195555602
https://openalex.org/W7214462824,https://openalex.org/W3120431882
https://openalex.org/W4408894274,https://openalex.org/W3204446679
https://openalex.org/W4408894274,https://openalex.org/W4225291808
https://openalex.org/W4408894274,https://openalex.org/W4402789299
https://openalex.org/W3213506527,https://openalex.org/W3119224404
https://openalex.org/W3213506527,https://openalex.org/W3174190963
https://openalex.org/W3213506527,https://openalex.org/W3182540222
https://openalex.org/W4386125506,https://openalex.org/W4378783628
https://openalex.org/W4386125506,https://openalex.org/W4386125506
https://openalex.org/W7160063743,https://openalex.org/W3161569737
https://openalex.org/W7160063743,https://openalex.org/W4382021612
https://openalex.org/W7160063743,https://openalex.org/W4399478108
https://openalex.org/W7160063743,https://openalex.org/W4411370531
https://openalex.org/W4386742788,https://openalex.org/W4200241157
https://openalex.org/W4386742788,https://openalex.org/W4394953847
https://openalex.org/W4408066041,https://openalex.org/W4384197637
https://openalex.org/W7163141458,https://openalex.org/W3168359365
https://openalex.org/W7163141458,https://openalex.org/W4396641340
https://openalex.org/W7163141458,https://openalex.org/W4396808380
https://openalex.org/W7163141458,https://openalex.org/W4413121720
https://openalex.org/W4417341979,https://openalex.org/W4322749372
https://openalex.org/W4417341979,https://openalex.org/W4387199899
https://openalex.org/W4417341979,https://openalex.org/W4387968801
https://openalex.org/W4417341979,https://openalex.org/W4388033873
https://openalex.org/W4417341979,https://openalex.org/W4391474836
https://openalex.org/W4417341979,https://openalex.org/W4403432518
https://openalex.org/W4417341979,https://openalex.org/W4407371331
https://openalex.org/W4417341979,https://openalex.org/W4413700838
https://openalex.org/W4292267322,https://openalex.org/W3118919148
https://openalex.org/W3157164929,https://openalex.org/W3157164929
https://openalex.org/W3173414803,https://openalex.org/W3135419750
https://openalex.org/W4405853045,https://openalex.org/W3134393697
https://openalex.org/W7161793247,https://openalex.org/W4297217565
https://openalex.org/W4409962905,https://openalex.org/W3187769763
https://openalex.org/W4409962905,https://openalex.org/W3213282821
https://openalex.org/W4409962905,https://openalex.org/W4210857417
https://openalex.org/W4409962905,https://openalex.org/W4309720103
https://openalex.org/W4409962905,https://openalex.org/W4366993059
https://openalex.org/W4409962905,https://openalex.org/W4391514345
https://openalex.org/W4409962905,https://openalex.org/W4406362224
https://openalex.org/W4404137125,https://openalex.org/W4387106527
https://openalex.org/W3167461954,https://openalex.org/W3167461954
https://openalex.org/W7140142105,https://openalex.org/W3208220618
https://openalex.org/W7140142105,https://openalex.org/W4376615435
https://openalex.org/W4402564399,https://openalex.org/W4294597614
https://openalex.org/W4402564399,https://openalex.org/W4378445990
https://openalex.org/W4402564399,https://openalex.org/W4398236966
https://openalex.org/W4402564399,https://openalex.org/W4399365886
https://openalex.org/W4402564399,https://openalex.org/W4403718040
https://openalex.org/W4223639253,https://openalex.org/W3156823378
https://openalex.org/W4223639253,https://openalex.org/W3181777454
https://openalex.org/W4223639253,https://openalex.org/W4200129045
https://openalex.org/W4415992764,https://openalex.org/W4414035703
https://openalex.org/W4389053628,https://openalex.org/W3161133637
https://openalex.org/W4389053628,https://openalex.org/W4377087084
https://openalex.org/W4283216615,https://openalex.org/W4205238289
https://openalex.org/W4293199825,https://openalex.org/W4297887464
https://openalex.org/W4408974609,https://openalex.org/W3134195618
https://openalex.org/W4408974609,https://openalex.org/W3177664440
https://openalex.org/W4408974609,https://openalex.org/W4224241643
https://openalex.org/W4408974609,https://openalex.org/W4372354924
https://openalex.org/W4408974609,https://openalex.org/W4378363413
https://openalex.org/W4408974609,https://openalex.org/W4389356826
https://openalex.org/W4408974609,https://openalex.org/W4392086789
https://openalex.org/W4408974609,https://openalex.org/W4396640037
https://openalex.org/W4408974609,https://openalex.org/W4401062291
https://openalex.org/W4395447991,https://openalex.org/W4377233679
https://openalex.org/W4323544460,https://openalex.org/W4284694274
https://openalex.org/W4323653182,https://openalex.org/W3127676697
https://openalex.org/W4323653182,https://openalex.org/W3133329762
https://openalex.org/W4323653182,https://openalex.org/W3214483552
https://openalex.org/W4323653182,https://openalex.org/W4220894822
https://openalex.org/W4307967274,https://openalex.org/W4281725022
https://openalex.org/W4307967274,https://openalex.org/W4294740949
https://openalex.org/W4400609460,https://openalex.org/W3126627207
https://openalex.org/W4400609460,https://openalex.org/W3197848201
https://openalex.org/W4400609460,https://openalex.org/W4367044528
https://openalex.org/W4400609460,https://openalex.org/W4384945012
https://openalex.org/W4400609460,https://openalex.org/W4387234575
https://openalex.org/W4400609460,https://openalex.org/W4398138066
https://openalex.org/W4410010342,https://openalex.org/W4205904032
https://openalex.org/W4410010342,https://openalex.org/W4206484652
https://openalex.org/W4410010342,https://openalex.org/W4388895464
https://openalex.org/W4321639113,https://openalex.org/W3172592264
https://openalex.org/W4321639113,https://openalex.org/W4283798456
https://openalex.org/W4321639113,https://openalex.org/W4312047001
https://openalex.org/W4385186566,https://openalex.org/W3200352208
https://openalex.org/W4413534268,https://openalex.org/W4281487631
https://openalex.org/W4206629192,https://openalex.org/W3120143721
https://openalex.org/W4206629192,https://openalex.org/W3184809739
https://openalex.org/W4376280539,https://openalex.org/W3211998835
https://openalex.org/W4400884047,https://openalex.org/W3211570432
https://openalex.org/W4400884047,https://openalex.org/W4206556611
https://openalex.org/W4400884047,https://openalex.org/W4214492385
https://openalex.org/W4400884047,https://openalex.org/W4285798842
https://openalex.org/W4407304018,https://openalex.org/W4367282060
https://openalex.org/W7118320858,https://openalex.org/W4313590458
https://openalex.org/W7118320858,https://openalex.org/W4405523416
https://openalex.org/W4280577140,https://openalex.org/W3181546806
https://openalex.org/W4280577140,https://openalex.org/W3202587163
https://openalex.org/W4409661413,https://openalex.org/W4293032727
https://openalex.org/W4387449666,https://openalex.org/W4398942177
https://openalex.org/W4406788163,https://openalex.org/W4200150967
https://openalex.org/W4388422460,https://openalex.org/W4210301269
https://openalex.org/W4388422460,https://openalex.org/W4388422460
https://openalex.org/W4378173074,https://openalex.org/W3171954900
https://openalex.org/W7168024192,https://openalex.org/W4393183862
https://openalex.org/W7168024192,https://openalex.org/W4394002928
https://openalex.org/W7168024192,https://openalex.org/W4399282167
https://openalex.org/W7168024192,https://openalex.org/W4405755277
https://openalex.org/W7168024192,https://openalex.org/W4410040007
https://openalex.org/W7168024192,https://openalex.org/W4414944965
https://openalex.org/W7168024192,https://openalex.org/W4416004103
https://openalex.org/W4392109927,https://openalex.org/W4200065817
https://openalex.org/W4379877368,https://openalex.org/W3120143721
https://openalex.org/W4379877368,https://openalex.org/W3184809739
https://openalex.org/W4379877368,https://openalex.org/W4206629192
https://openalex.org/W4409141122,https://openalex.org/W3135682221
https://openalex.org/W4409141122,https://openalex.org/W3149971680
https://openalex.org/W4409141122,https://openalex.org/W4226157944
https://openalex.org/W7213369471,https://openalex.org/W4286111620
https://openalex.org/W3206437981,https://openalex.org/W3169740951
https://openalex.org/W4414031910,https://openalex.org/W4398160111
https://openalex.org/W4414031910,https://openalex.org/W4410455785
https://openalex.org/W4389672717,https://openalex.org/W3208533639
https://openalex.org/W4389672717,https://openalex.org/W4224871269
https://openalex.org/W7140130488,https://openalex.org/W3200688828
https://openalex.org/W7140130488,https://openalex.org/W4394978569
https://openalex.org/W7140130488,https://openalex.org/W4398216738
https://openalex.org/W7140130488,https://openalex.org/W4410352335
https://openalex.org/W4396854590,https://openalex.org/W4365135458
https://openalex.org/W4405635218,https://openalex.org/W4225434060
https://openalex.org/W4415123088,https://openalex.org/W3181446553
https://openalex.org/W4415123088,https://openalex.org/W4200007643
https://openalex.org/W4415123088,https://openalex.org/W4394987392
https://openalex.org/W4415123088,https://openalex.org/W4401720264
https://openalex.org/W4415123088,https://openalex.org/W4402302881
https://openalex.org/W4415123088,https://openalex.org/W4404757840
https://openalex.org/W4415123088,https://openalex.org/W4408812568
https://openalex.org/W4392896819,https://openalex.org/W4320524423
https://openalex.org/W4380630595,https://openalex.org/W3185007184
https://openalex.org/W4313893092,https://openalex.org/W3131234890
https://openalex.org/W3086942018,https://openalex.org/W3085116199
https://openalex.org/W4311865052,https://openalex.org/W4221002349
https://openalex.org/W4407042024,https://openalex.org/W4404651788
https://openalex.org/W4406857909,https://openalex.org/W4302290892
https://openalex.org/W7172260700,https://openalex.org/W4404949562
https://openalex.org/W4387702430,https://openalex.org/W3209730426
https://openalex.org/W4387702430,https://openalex.org/W4213428903
https://openalex.org/W4321850995,https://openalex.org/W4315701226
https://openalex.org/W4321850995,https://openalex.org/W4321850923
https://openalex.org/W4318196643,https://openalex.org/W3187753002
https://openalex.org/W4318196643,https://openalex.org/W3203793663
https://openalex.org/W4318196643,https://openalex.org/W4220933023
https://openalex.org/W4410455785,https://openalex.org/W4398160111
https://openalex.org/W4410455785,https://openalex.org/W4399431963
https://openalex.org/W7160262290,https://openalex.org/W4412561233
https://openalex.org/W4388687409,https://openalex.org/W4293242945
https://openalex.org/W4294597614,https://openalex.org/W3206235517
https://openalex.org/W4318482679,https://openalex.org/W3198852810
https://openalex.org/W4392873697,https://openalex.org/W3110272116
https://openalex.org/W7167221549,https://openalex.org/W4400060722
https://openalex.org/W7167221549,https://openalex.org/W4407967914
https://openalex.org/W7167221549,https://openalex.org/W4411540441
https://openalex.org/W7167221549,https://openalex.org/W4414327250
https://openalex.org/W7167221549,https://openalex.org/W7117490420
https://openalex.org/W7154711150,https://openalex.org/W3130566328
https://openalex.org/W7154711150,https://openalex.org/W3184319873
https://openalex.org/W7154711150,https://openalex.org/W4210310905
https://openalex.org/W7154711150,https://openalex.org/W4304587499
https://openalex.org/W7154711150,https://openalex.org/W4318755187
https://openalex.org/W7154711150,https://openalex.org/W4401248818
https://openalex.org/W7154711150,https://openalex.org/W4403945404
https://openalex.org/W7154711150,https://openalex.org/W4408755497
https://openalex.org/W7154711150,https://openalex.org/W4408757871
https://openalex.org/W7162757681,https://openalex.org/W4367394779
https://openalex.org/W4394730055,https://openalex.org/W4206242836
https://openalex.org/W4394730055,https://openalex.org/W4361304792
https://openalex.org/W3200292913,https://openalex.org/W3133511895
https://openalex.org/W4387934706,https://openalex.org/W4214907722
https://openalex.org/W4387934706,https://openalex.org/W4382682594
https://openalex.org/W4401211854,https://openalex.org/W4281772265
https://openalex.org/W4401211854,https://openalex.org/W4381433107
https://openalex.org/W4401211854,https://openalex.org/W4390507522
https://openalex.org/W3207139544,https://openalex.org/W3207139544
https://openalex.org/W4283379009,https://openalex.org/W4200089368
https://openalex.org/W4283379009,https://openalex.org/W4226317960
https://openalex.org/W4405755277,https://openalex.org/W4391093839
https://openalex.org/W4405755277,https://openalex.org/W4399282167
https://openalex.org/W4405755277,https://openalex.org/W4400409906
https://openalex.org/W4401448030,https://openalex.org/W4319663851
https://openalex.org/W4401448030,https://openalex.org/W4327663232
https://openalex.org/W4401448030,https://openalex.org/W4366493057
https://openalex.org/W4401448030,https://openalex.org/W4382119734
https://openalex.org/W4376104346,https://openalex.org/W3192679399
https://openalex.org/W4376104346,https://openalex.org/W4226035938
https://openalex.org/W4390574856,https://openalex.org/W4283805327
https://openalex.org/W4399426458,https://openalex.org/W4327663232
https://openalex.org/W4399426458,https://openalex.org/W4366493057
https://openalex.org/W4399426458,https://openalex.org/W4384344861
https://openalex.org/W3209698779,https://openalex.org/W3119288284
https://openalex.org/W3209698779,https://openalex.org/W3135298572
https://openalex.org/W4397041465,https://openalex.org/W3157427343
https://openalex.org/W4397041465,https://openalex.org/W4213156669
https://openalex.org/W4410163239,https://openalex.org/W3134195618
https://openalex.org/W4410163239,https://openalex.org/W4205407333
https://openalex.org/W4410163239,https://openalex.org/W4289518974
https://openalex.org/W4410163239,https://openalex.org/W4372354924
https://openalex.org/W4410163239,https://openalex.org/W4389356826
https://openalex.org/W4405188151,https://openalex.org/W3180468909
https://openalex.org/W4405188151,https://openalex.org/W4200437223
https://openalex.org/W4405188151,https://openalex.org/W4309424992
https://openalex.org/W4312406186,https://openalex.org/W4226370753
https://openalex.org/W4312406186,https://openalex.org/W4283211406
https://openalex.org/W4404366218,https://openalex.org/W4403701322
https://openalex.org/W4416203075,https://openalex.org/W4416116960
https://openalex.org/W4383913182,https://openalex.org/W3167585398
https://openalex.org/W4412664054,https://openalex.org/W4283015625
https://openalex.org/W4412664054,https://openalex.org/W4388414460
https://openalex.org/W4412664054,https://openalex.org/W4401053490
https://openalex.org/W4412664054,https://openalex.org/W4402660475
https://openalex.org/W4404259060,https://openalex.org/W4312100976
https://openalex.org/W4404259060,https://openalex.org/W4312186279
https://openalex.org/W4413113033,https://openalex.org/W3140145209
https://openalex.org/W4297237783,https://openalex.org/W4225637113
https://openalex.org/W4414516671,https://openalex.org/W4399990710
https://openalex.org/W4396882531,https://openalex.org/W3112618968
https://openalex.org/W4396882531,https://openalex.org/W3178960719
https://openalex.org/W4396882531,https://openalex.org/W4385258612
https://openalex.org/W4408901956,https://openalex.org/W3128993250
https://openalex.org/W4408901956,https://openalex.org/W3205345263
https://openalex.org/W4408901956,https://openalex.org/W4390187079
https://openalex.org/W4408901956,https://openalex.org/W4405429440
https://openalex.org/W4390705750,https://openalex.org/W4385819980
https://openalex.org/W4399104517,https://openalex.org/W4291209259
https://openalex.org/W4399145974,https://openalex.org/W3179856022
https://openalex.org/W4399145974,https://openalex.org/W3199411865
https://openalex.org/W4387345291,https://openalex.org/W4210548804
https://openalex.org/W4387345291,https://openalex.org/W4220746953
https://openalex.org/W4387345291,https://openalex.org/W4225711800
https://openalex.org/W4387345291,https://openalex.org/W4304731562
https://openalex.org/W4320006265,https://openalex.org/W4320006265
https://openalex.org/W4390889423,https://openalex.org/W3191402931
https://openalex.org/W4390889423,https://openalex.org/W3201244245
https://openalex.org/W7140328412,https://openalex.org/W4317543092
https://openalex.org/W4410373550,https://openalex.org/W4319594795
https://openalex.org/W4414028239,https://openalex.org/W4406288367
https://openalex.org/W4367627324,https://openalex.org/W4312589922
https://openalex.org/W4367627324,https://openalex.org/W4367627324
https://openalex.org/W4213401759,https://openalex.org/W3131624221
https://openalex.org/W4213401759,https://openalex.org/W3151486971
https://openalex.org/W4213401759,https://openalex.org/W3178960719
https://openalex.org/W7138452114,https://openalex.org/W3170125905
https://openalex.org/W4410246674,https://openalex.org/W4410246674
https://openalex.org/W4306176727,https://openalex.org/W3135083166
https://openalex.org/W4306176727,https://openalex.org/W4200341877
https://openalex.org/W2890604215,https://openalex.org/W2199095502
https://openalex.org/W4404323298,https://openalex.org/W3121026993
https://openalex.org/W4404323298,https://openalex.org/W3198918437
https://openalex.org/W4404323298,https://openalex.org/W4295014586
https://openalex.org/W4404323298,https://openalex.org/W4386725785
https://openalex.org/W4381248276,https://openalex.org/W3211608090
https://openalex.org/W4381248276,https://openalex.org/W4292183204
https://openalex.org/W4225716342,https://openalex.org/W3111072656
https://openalex.org/W4367312126,https://openalex.org/W4221150016
https://openalex.org/W3133968203,https://openalex.org/W3157532629
https://openalex.org/W3133968203,https://openalex.org/W3172436430
https://openalex.org/W4407413400,https://openalex.org/W3087101851
https://openalex.org/W4407413400,https://openalex.org/W3133263249
https://openalex.org/W4407413400,https://openalex.org/W4378469150
https://openalex.org/W4407413400,https://openalex.org/W4388267335
https://openalex.org/W4407413400,https://openalex.org/W4390747901
https://openalex.org/W4399782262,https://openalex.org/W4385425730
https://openalex.org/W4399782262,https://openalex.org/W4401430587
https://openalex.org/W4401963328,https://openalex.org/W3127063032
https://openalex.org/W4401963328,https://openalex.org/W3198331270
https://openalex.org/W4401963328,https://openalex.org/W4283071033
https://openalex.org/W4401963328,https://openalex.org/W4289868138
https://openalex.org/W4401963328,https://openalex.org/W4293101993
https://openalex.org/W4401963328,https://openalex.org/W4309440978
https://openalex.org/W4401963328,https://openalex.org/W4310086069
https://openalex.org/W4401963328,https://openalex.org/W4321097797
https://openalex.org/W4401963328,https://openalex.org/W4377967666
https://openalex.org/W4401963328,https://openalex.org/W4390673656
https://openalex.org/W4401963328,https://openalex.org/W4390725253
https://openalex.org/W4405177541,https://openalex.org/W4387193256
https://openalex.org/W4406913891,https://openalex.org/W3167174569
https://openalex.org/W4406913891,https://openalex.org/W4327978323
https://openalex.org/W7171539231,https://openalex.org/W3112618968
https://openalex.org/W7171539231,https://openalex.org/W4394872268
https://openalex.org/W3203428752,https://openalex.org/W3118875409
https://openalex.org/W3203428752,https://openalex.org/W3193223779
https://openalex.org/W4401108209,https://openalex.org/W4387293309
https://openalex.org/W4401108209,https://openalex.org/W4394972163
https://openalex.org/W4401108209,https://openalex.org/W4399561985
https://openalex.org/W4401108209,https://openalex.org/W4400883379
https://openalex.org/W4401108209,https://openalex.org/W4401739447
https://openalex.org/W4401108209,https://openalex.org/W4404626323
https://openalex.org/W4386865028,https://openalex.org/W3178664441
https://openalex.org/W4386865028,https://openalex.org/W4223970269
https://openalex.org/W4386865028,https://openalex.org/W4294884837
https://openalex.org/W4412635439,https://openalex.org/W4304996631
https://openalex.org/W4412635439,https://openalex.org/W4376629381
https://openalex.org/W7124141422,https://openalex.org/W4414243465
https://openalex.org/W4312645560,https://openalex.org/W3120784776
https://openalex.org/W4312645560,https://openalex.org/W3135010812
https://openalex.org/W4312645560,https://openalex.org/W4287846829
https://openalex.org/W3215754791,https://openalex.org/W4237674139
https://openalex.org/W4406759197,https://openalex.org/W4206416344
https://openalex.org/W4406759197,https://openalex.org/W4300863670
https://openalex.org/W4406759197,https://openalex.org/W4319592726
https://openalex.org/W4406759197,https://openalex.org/W4365509636
https://openalex.org/W4406759197,https://openalex.org/W4389434546
https://openalex.org/W4406759197,https://openalex.org/W4391810954
https://openalex.org/W4406759197,https://openalex.org/W4401718945
https://openalex.org/W4404704151,https://openalex.org/W3118786201
https://openalex.org/W4404704151,https://openalex.org/W4308460937
https://openalex.org/W4410637896,https://openalex.org/W3178648211
https://openalex.org/W4387110357,https://openalex.org/W4283654187
https://openalex.org/W3215881020,https://openalex.org/W3178960719
https://openalex.org/W4386328369,https://openalex.org/W4294715484
https://openalex.org/W4321649583,https://openalex.org/W3210040080
https://openalex.org/W4321649583,https://openalex.org/W4366090499
https://openalex.org/W7133512349,https://openalex.org/W4391248667
https://openalex.org/W7133512349,https://openalex.org/W4408214598
https://openalex.org/W4414400118,https://openalex.org/W3108723356
https://openalex.org/W4414400118,https://openalex.org/W4317473277
https://openalex.org/W4414400118,https://openalex.org/W4372302764
https://openalex.org/W4414400118,https://openalex.org/W4385858140
https://openalex.org/W4414400118,https://openalex.org/W4391988510
https://openalex.org/W4414400118,https://openalex.org/W4404378610
https://openalex.org/W4414400118,https://openalex.org/W4408055233
https://openalex.org/W4414400118,https://openalex.org/W4409154175
https://openalex.org/W4405429440,https://openalex.org/W3128993250
https://openalex.org/W4405429440,https://openalex.org/W4390187079
https://openalex.org/W4283329429,https://openalex.org/W3141744159
https://openalex.org/W4409626090,https://openalex.org/W4366259796
https://openalex.org/W7160899935,https://openalex.org/W3194973291
https://openalex.org/W7160899935,https://openalex.org/W4303575637
https://openalex.org/W4212938074,https://openalex.org/W4206067338
https://openalex.org/W4394626864,https://openalex.org/W3177631666
https://openalex.org/W4394626864,https://openalex.org/W4385774503
https://openalex.org/W4394626864,https://openalex.org/W4388872545
https://openalex.org/W4411343511,https://openalex.org/W4384524737
https://openalex.org/W4411343511,https://openalex.org/W4405177541
https://openalex.org/W4392681638,https://openalex.org/W3209552201
https://openalex.org/W4205563773,https://openalex.org/W3134300104
https://openalex.org/W4223414483,https://openalex.org/W3199322743
https://openalex.org/W4223414483,https://openalex.org/W4223414483
https://openalex.org/W4394758301,https://openalex.org/W4382133354
https://openalex.org/W4416730232,https://openalex.org/W4399229439
https://openalex.org/W4416730232,https://openalex.org/W4413009965
https://openalex.org/W7127198766,https://openalex.org/W3160643592
https://openalex.org/W7127198766,https://openalex.org/W4200099481
https://openalex.org/W7127198766,https://openalex.org/W4210310905
https://openalex.org/W7127198766,https://openalex.org/W4372403680
https://openalex.org/W7127198766,https://openalex.org/W4381244879
https://openalex.org/W7127198766,https://openalex.org/W4396832429
https://openalex.org/W7127198766,https://openalex.org/W4403945404
https://openalex.org/W7127198766,https://openalex.org/W4408144061
https://openalex.org/W4407900057,https://openalex.org/W4286493284
https://openalex.org/W4407900057,https://openalex.org/W4316661157
https://openalex.org/W4407900057,https://openalex.org/W4404687946
https://openalex.org/W4306772682,https://openalex.org/W3167768535
https://openalex.org/W4210301930,https://openalex.org/W3118786201
https://openalex.org/W4210301930,https://openalex.org/W3165542633
https://openalex.org/W3162490422,https://openalex.org/W3162490422
https://openalex.org/W4385371520,https://openalex.org/W4286278604
https://openalex.org/W7172210291,https://openalex.org/W4283071033
https://openalex.org/W7172210291,https://openalex.org/W4289868138
https://openalex.org/W7172210291,https://openalex.org/W4309440978
https://openalex.org/W7172210291,https://openalex.org/W4311391466
https://openalex.org/W7172210291,https://openalex.org/W4377967666
https://openalex.org/W7172210291,https://openalex.org/W4390725253
https://openalex.org/W7172210291,https://openalex.org/W4401268829
https://openalex.org/W7172210291,https://openalex.org/W4401963328
https://openalex.org/W7172210291,https://openalex.org/W4402691113
https://openalex.org/W7172210291,https://openalex.org/W4408098231
https://openalex.org/W7172210291,https://openalex.org/W4412490971
https://openalex.org/W7172210291,https://openalex.org/W4417450842
https://openalex.org/W4415206257,https://openalex.org/W4401766405
https://openalex.org/W4389437290,https://openalex.org/W4200354602
https://openalex.org/W4411848579,https://openalex.org/W4291536270
https://openalex.org/W4411848579,https://openalex.org/W4306931941
https://openalex.org/W4411848579,https://openalex.org/W4317779826
https://openalex.org/W4411848579,https://openalex.org/W4385761553
https://openalex.org/W4411848579,https://openalex.org/W4386763797
https://openalex.org/W4411848579,https://openalex.org/W4400009152
https://openalex.org/W4226379779,https://openalex.org/W2990187828
https://openalex.org/W4226379779,https://openalex.org/W3191420927
https://openalex.org/W4378842873,https://openalex.org/W3193578529
https://openalex.org/W4399756840,https://openalex.org/W4293331939
https://openalex.org/W4399756840,https://openalex.org/W4307585183
https://openalex.org/W4382982918,https://openalex.org/W4316505894
https://openalex.org/W3135682221,https://openalex.org/W3002716239
https://openalex.org/W3135682221,https://openalex.org/W3119509009
https://openalex.org/W4282563474,https://openalex.org/W4282563474
https://openalex.org/W7214085797,https://openalex.org/W3129711800
https://openalex.org/W7214085797,https://openalex.org/W3200021964
https://openalex.org/W7214085797,https://openalex.org/W4210275647
https://openalex.org/W7214085797,https://openalex.org/W4307125471
https://openalex.org/W7214085797,https://openalex.org/W4366352829
https://openalex.org/W7214085797,https://openalex.org/W4386083666
https://openalex.org/W7214085797,https://openalex.org/W4386485017
https://openalex.org/W7214085797,https://openalex.org/W7128037202
https://openalex.org/W4306906522,https://openalex.org/W3199551559
https://openalex.org/W4384642581,https://openalex.org/W3128283449
https://openalex.org/W4384642581,https://openalex.org/W4298124548
https://openalex.org/W4384642581,https://openalex.org/W4319302962
https://openalex.org/W4384642581,https://openalex.org/W4382930914
https://openalex.org/W4362701299,https://openalex.org/W3120569425
https://openalex.org/W4362701299,https://openalex.org/W3168316121
https://openalex.org/W4362701299,https://openalex.org/W4313622552
https://openalex.org/W4386498197,https://openalex.org/W4313332880
https://openalex.org/W4380086303,https://openalex.org/W4214907722
https://openalex.org/W4401053728,https://openalex.org/W3126627207
https://openalex.org/W4401053728,https://openalex.org/W4285594379
https://openalex.org/W4401053728,https://openalex.org/W4298126387
https://openalex.org/W4401053728,https://openalex.org/W4380853240
https://openalex.org/W7167095944,https://openalex.org/W4405755896
https://openalex.org/W7167095944,https://openalex.org/W4407357370
https://openalex.org/W7167095944,https://openalex.org/W4410040007
https://openalex.org/W7167095944,https://openalex.org/W4414210246
https://openalex.org/W7167095944,https://openalex.org/W4416203732
https://openalex.org/W7171672479,https://openalex.org/W4411668507
https://openalex.org/W7171672479,https://openalex.org/W4415938611
https://openalex.org/W4411434049,https://openalex.org/W4400003130
https://openalex.org/W4404538886,https://openalex.org/W4392588488
https://openalex.org/W4310086069,https://openalex.org/W3127063032
https://openalex.org/W4310086069,https://openalex.org/W4210709423
https://openalex.org/W4310086069,https://openalex.org/W4211023333
https://openalex.org/W4310086069,https://openalex.org/W4283071033
https://openalex.org/W4310086069,https://openalex.org/W4288074554
https://openalex.org/W4409425222,https://openalex.org/W4391026758
https://openalex.org/W4409425222,https://openalex.org/W4401053490
https://openalex.org/W4353084208,https://openalex.org/W4200528306
https://openalex.org/W4411690127,https://openalex.org/W3126074238
https://openalex.org/W4411690127,https://openalex.org/W4389829960
https://openalex.org/W4225874554,https://openalex.org/W3117249865
https://openalex.org/W4404006907,https://openalex.org/W4200150967
https://openalex.org/W4412105018,https://openalex.org/W4200141021
https://openalex.org/W4412105018,https://openalex.org/W4401184074
https://openalex.org/W4406027747,https://openalex.org/W3152903210
https://openalex.org/W4406027747,https://openalex.org/W3156190132
https://openalex.org/W7134821105,https://openalex.org/W4385270506
https://openalex.org/W4411806318,https://openalex.org/W3155407021
https://openalex.org/W4411806318,https://openalex.org/W4411806318
https://openalex.org/W7171867692,https://openalex.org/W4311108326
https://openalex.org/W7171867692,https://openalex.org/W4405530931
https://openalex.org/W7171867692,https://openalex.org/W4406741733
https://openalex.org/W7171867692,https://openalex.org/W4408780273
https://openalex.org/W7171867692,https://openalex.org/W4413974028
https://openalex.org/W7171867692,https://openalex.org/W7128086584
https://openalex.org/W4403826288,https://openalex.org/W4365450279
https://openalex.org/W4386155027,https://openalex.org/W3178664441
https://openalex.org/W4386155027,https://openalex.org/W4288036471
https://openalex.org/W4386155027,https://openalex.org/W4296885751
https://openalex.org/W4410219205,https://openalex.org/W4387666227
https://openalex.org/W3173204584,https://openalex.org/W3126627207
https://openalex.org/W4360950944,https://openalex.org/W3138990775
https://openalex.org/W4360950944,https://openalex.org/W4283015625
https://openalex.org/W4402739241,https://openalex.org/W4372278813
https://openalex.org/W4200019837,https://openalex.org/W3161002519
https://openalex.org/W4283808794,https://openalex.org/W4214634452
https://openalex.org/W4388705318,https://openalex.org/W4284705814
https://openalex.org/W4413055103,https://openalex.org/W4307495323
https://openalex.org/W4413055103,https://openalex.org/W4328100148
https://openalex.org/W4413055103,https://openalex.org/W4362523885
https://openalex.org/W4415910837,https://openalex.org/W4401211033
https://openalex.org/W4415910837,https://openalex.org/W4402231801
https://openalex.org/W4407923492,https://openalex.org/W4399855228
https://openalex.org/W7160759811,https://openalex.org/W4391418108
https://openalex.org/W4380090735,https://openalex.org/W3127625155
https://openalex.org/W4399429065,https://openalex.org/W4282923590
https://openalex.org/W3155550370,https://openalex.org/W3121709350
https://openalex.org/W4391064378,https://openalex.org/W4311577195
https://openalex.org/W7204209811,https://openalex.org/W3213282821
https://openalex.org/W7204209811,https://openalex.org/W4399238927
https://openalex.org/W4401184074,https://openalex.org/W4200141021
https://openalex.org/W4401184074,https://openalex.org/W4210301269
https://openalex.org/W4413033546,https://openalex.org/W4226146010
https://openalex.org/W4413033546,https://openalex.org/W4380421146
https://openalex.org/W4413033546,https://openalex.org/W4388797316
https://openalex.org/W4406753478,https://openalex.org/W4205910918
https://openalex.org/W4200341877,https://openalex.org/W3135083166
https://openalex.org/W3189426211,https://openalex.org/W2797547379
https://openalex.org/W4388752701,https://openalex.org/W3120991620
https://openalex.org/W4388752701,https://openalex.org/W3179791530
https://openalex.org/W4319458896,https://openalex.org/W3198730646
https://openalex.org/W4319458896,https://openalex.org/W4205852692
https://openalex.org/W4319458896,https://openalex.org/W4280592991
https://openalex.org/W4414491108,https://openalex.org/W3208918800
https://openalex.org/W4414491108,https://openalex.org/W4281622675
https://openalex.org/W4308204242,https://openalex.org/W3121483229
https://openalex.org/W4308204242,https://openalex.org/W4200501218
https://openalex.org/W4308204242,https://openalex.org/W4210298264
https://openalex.org/W4390636650,https://openalex.org/W3137011944
https://openalex.org/W4390636650,https://openalex.org/W4306174571
https://openalex.org/W7156295386,https://openalex.org/W3126192021
https://openalex.org/W7156295386,https://openalex.org/W4283034406
https://openalex.org/W7156295386,https://openalex.org/W4312090027
https://openalex.org/W7156295386,https://openalex.org/W4376108389
https://openalex.org/W7156295386,https://openalex.org/W4387805023
https://openalex.org/W7156295386,https://openalex.org/W4389387350
https://openalex.org/W7156295386,https://openalex.org/W4394934094
https://openalex.org/W7156295386,https://openalex.org/W4402194663
https://openalex.org/W7156295386,https://openalex.org/W4405177765
https://openalex.org/W7156295386,https://openalex.org/W4406184875
https://openalex.org/W7156295386,https://openalex.org/W4410190959
https://openalex.org/W7161148089,https://openalex.org/W3157712761
https://openalex.org/W7155031717,https://openalex.org/W4302757626
https://openalex.org/W7155031717,https://openalex.org/W4403094932
https://openalex.org/W4415889957,https://openalex.org/W4411616581
https://openalex.org/W4408323647,https://openalex.org/W3126074238
https://openalex.org/W4408323647,https://openalex.org/W4286493284
https://openalex.org/W7166114540,https://openalex.org/W3212380987
https://openalex.org/W7166114540,https://openalex.org/W4289174183
https://openalex.org/W7166114540,https://openalex.org/W4389272763
https://openalex.org/W4380446314,https://openalex.org/W3204013324
https://openalex.org/W4380446314,https://openalex.org/W4220684961
https://openalex.org/W4380446314,https://openalex.org/W4226317960
https://openalex.org/W4380446314,https://openalex.org/W4281713363
https://openalex.org/W4380446314,https://openalex.org/W4312115258
https://openalex.org/W7128957910,https://openalex.org/W4408128525
https://openalex.org/W4416202654,https://openalex.org/W4408416790
https://openalex.org/W4390640276,https://openalex.org/W4250801952
https://openalex.org/W4403431800,https://openalex.org/W3124700704
https://openalex.org/W4403431800,https://openalex.org/W4281749792
https://openalex.org/W7117549330,https://openalex.org/W3122505511
https://openalex.org/W7202207302,https://openalex.org/W3128304519
https://openalex.org/W7202207302,https://openalex.org/W4214628059
https://openalex.org/W7202207302,https://openalex.org/W4416978071
https://openalex.org/W4411177763,https://openalex.org/W4294597614
https://openalex.org/W4411177763,https://openalex.org/W4296162974
https://openalex.org/W4411177763,https://openalex.org/W4378445990
https://openalex.org/W4411177763,https://openalex.org/W4398236966
https://openalex.org/W4411177763,https://openalex.org/W4399365886
https://openalex.org/W4411177763,https://openalex.org/W4403718040
https://openalex.org/W4411177763,https://openalex.org/W4405698013
https://openalex.org/W4402434794,https://openalex.org/W4289110521
https://openalex.org/W4402434794,https://openalex.org/W4321004044
https://openalex.org/W4402434794,https://openalex.org/W4392345977
https://openalex.org/W4380446416,https://openalex.org/W3188985572
https://openalex.org/W4385717830,https://openalex.org/W4322492128
https://openalex.org/W4408320856,https://openalex.org/W4401241558
https://openalex.org/W4414435056,https://openalex.org/W4210736625
https://openalex.org/W4414435056,https://openalex.org/W4376126446
https://openalex.org/W4414435056,https://openalex.org/W4401211033
https://openalex.org/W4220913901,https://openalex.org/W3151368405
https://openalex.org/W4206182295,https://openalex.org/W3127444346
https://openalex.org/W4391743378,https://openalex.org/W4224871269
https://openalex.org/W4391743378,https://openalex.org/W4389672717
https://openalex.org/W4403945595,https://openalex.org/W3127625155
https://openalex.org/W4403945595,https://openalex.org/W3160643592
https://openalex.org/W4367844043,https://openalex.org/W3110713251
https://openalex.org/W4367844043,https://openalex.org/W3210040080
https://openalex.org/W4367844043,https://openalex.org/W4206657139
https://openalex.org/W4367844043,https://openalex.org/W4220790564
https://openalex.org/W4367844043,https://openalex.org/W4285403843
https://openalex.org/W4367844043,https://openalex.org/W4304889418
https://openalex.org/W4414419820,https://openalex.org/W4411343511
https://openalex.org/W4414419820,https://openalex.org/W4412158240
https://openalex.org/W4404282171,https://openalex.org/W3184330986
https://openalex.org/W4413106504,https://openalex.org/W4402713923
https://openalex.org/W4280492942,https://openalex.org/W3190421764
https://openalex.org/W4280492942,https://openalex.org/W3199646181
https://openalex.org/W4387568261,https://openalex.org/W3112618968
https://openalex.org/W4387568261,https://openalex.org/W3178960719
https://openalex.org/W4387568261,https://openalex.org/W3215123559
https://openalex.org/W4225711800,https://openalex.org/W4200106504
https://openalex.org/W4225711800,https://openalex.org/W4210548804
https://openalex.org/W4225711800,https://openalex.org/W4220746953
https://openalex.org/W7104001905,https://openalex.org/W4399733352
https://openalex.org/W4386218137,https://openalex.org/W3160042961
https://openalex.org/W4386218137,https://openalex.org/W4213210769
https://openalex.org/W4386218137,https://openalex.org/W4293569082
https://openalex.org/W4386218137,https://openalex.org/W4310110547
https://openalex.org/W4386218137,https://openalex.org/W4324129379
https://openalex.org/W4386218137,https://openalex.org/W4385568859
https://openalex.org/W4387845284,https://openalex.org/W3136224075
https://openalex.org/W4387845284,https://openalex.org/W3208145391
https://openalex.org/W4387845284,https://openalex.org/W4210910026
https://openalex.org/W7164060351,https://openalex.org/W4319442556
https://openalex.org/W7164060351,https://openalex.org/W4380789547
https://openalex.org/W7164060351,https://openalex.org/W4382630818
https://openalex.org/W7164060351,https://openalex.org/W4392517487
https://openalex.org/W7164060351,https://openalex.org/W4402466384
https://openalex.org/W7164060351,https://openalex.org/W4408655848
https://openalex.org/W7164060351,https://openalex.org/W4410014664
https://openalex.org/W4407126877,https://openalex.org/W4366123937
https://openalex.org/W4407126877,https://openalex.org/W4397006217
https://openalex.org/W4405723759,https://openalex.org/W3156823378
https://openalex.org/W4405723759,https://openalex.org/W3181777454
https://openalex.org/W4405723759,https://openalex.org/W4223451023
https://openalex.org/W4405723759,https://openalex.org/W4313366978
https://openalex.org/W4405723759,https://openalex.org/W4387900153
https://openalex.org/W4405723759,https://openalex.org/W4390038374
https://openalex.org/W4405723759,https://openalex.org/W4391754907
https://openalex.org/W4385422437,https://openalex.org/W4398462875
https://openalex.org/W4391953090,https://openalex.org/W3137144429
https://openalex.org/W4391953090,https://openalex.org/W4313314322
https://openalex.org/W4386889497,https://openalex.org/W3092405686
https://openalex.org/W4386889497,https://openalex.org/W3112618968
https://openalex.org/W4376637223,https://openalex.org/W3122929861
https://openalex.org/W4376637223,https://openalex.org/W3191420927
https://openalex.org/W4376637223,https://openalex.org/W4210917932
https://openalex.org/W4376637223,https://openalex.org/W4224124809
https://openalex.org/W4408161681,https://openalex.org/W4407987573
https://openalex.org/W4408161681,https://openalex.org/W4407987811
https://openalex.org/W7171392948,https://openalex.org/W3155556278
https://openalex.org/W4383502995,https://openalex.org/W4281630196
https://openalex.org/W4406184875,https://openalex.org/W3126192021
https://openalex.org/W4406184875,https://openalex.org/W4376108389
https://openalex.org/W4406184875,https://openalex.org/W4387805023
https://openalex.org/W4406184875,https://openalex.org/W4389387350
https://openalex.org/W4406184875,https://openalex.org/W4399515761
https://openalex.org/W7214932553,https://openalex.org/W4417114779
https://openalex.org/W4401865857,https://openalex.org/W4311108326
https://openalex.org/W4401865857,https://openalex.org/W4401865857
https://openalex.org/W4401865857,https://openalex.org/W4405530931
https://openalex.org/W4320018367,https://openalex.org/W3186903825
https://openalex.org/W4388672278,https://openalex.org/W4318187172
https://openalex.org/W4378232275,https://openalex.org/W4304693526
https://openalex.org/W4378232275,https://openalex.org/W4319869866
https://openalex.org/W3214847695,https://openalex.org/W3120584803
https://openalex.org/W3214847695,https://openalex.org/W3178960719
https://openalex.org/W4200127516,https://openalex.org/W4239394971
https://openalex.org/W4400354388,https://openalex.org/W3215369792
https://openalex.org/W4400354388,https://openalex.org/W3215689680
https://openalex.org/W4400354388,https://openalex.org/W3217807877
https://openalex.org/W4400354388,https://openalex.org/W4304889418
https://openalex.org/W4400354388,https://openalex.org/W4316591686
https://openalex.org/W4400354388,https://openalex.org/W4319752452
https://openalex.org/W4400354388,https://openalex.org/W4322775420
https://openalex.org/W4400354388,https://openalex.org/W4323651929
https://openalex.org/W4400354388,https://openalex.org/W4367180737
https://openalex.org/W4400354388,https://openalex.org/W4367844043
https://openalex.org/W4400354388,https://openalex.org/W4391230929
https://openalex.org/W4380685770,https://openalex.org/W4298008635
https://openalex.org/W4366134155,https://openalex.org/W3126627207
https://openalex.org/W4366134155,https://openalex.org/W3126770590
https://openalex.org/W4366134155,https://openalex.org/W3134314150
https://openalex.org/W4366134155,https://openalex.org/W4281661809
https://openalex.org/W7125607310,https://openalex.org/W4408007384
https://openalex.org/W7125607310,https://openalex.org/W4413780535
https://openalex.org/W7154599817,https://openalex.org/W4392820336
https://openalex.org/W7154599817,https://openalex.org/W4395072014
https://openalex.org/W7154599817,https://openalex.org/W4400118668
https://openalex.org/W4415824020,https://openalex.org/W3171954900
https://openalex.org/W4415824020,https://openalex.org/W4408845520
https://openalex.org/W7208831277,https://openalex.org/W4410410740
https://openalex.org/W4286111620,https://openalex.org/W3135747102
https://openalex.org/W4286111620,https://openalex.org/W4286111620
https://openalex.org/W4415430707,https://openalex.org/W3187100460
https://openalex.org/W4415430707,https://openalex.org/W4210693348
https://openalex.org/W4415430707,https://openalex.org/W4405911594
https://openalex.org/W4411655524,https://openalex.org/W3211608090
https://openalex.org/W4411655524,https://openalex.org/W4212938074
https://openalex.org/W4411655524,https://openalex.org/W4221155508
https://openalex.org/W4411655524,https://openalex.org/W4308512227
https://openalex.org/W4411655524,https://openalex.org/W4381248276
https://openalex.org/W4411655524,https://openalex.org/W4385416796
https://openalex.org/W7165358556,https://openalex.org/W4313255320
https://openalex.org/W7165358556,https://openalex.org/W4377138683
https://openalex.org/W7165358556,https://openalex.org/W7128809025
https://openalex.org/W4408975064,https://openalex.org/W3163645381
https://openalex.org/W4392260389,https://openalex.org/W4226456618
https://openalex.org/W4392260389,https://openalex.org/W4360995329
https://openalex.org/W7161150633,https://openalex.org/W4388336330
https://openalex.org/W4414135531,https://openalex.org/W4401770056
https://openalex.org/W4392808378,https://openalex.org/W4284693861
https://openalex.org/W4392808378,https://openalex.org/W4296875697
https://openalex.org/W4221127539,https://openalex.org/W4221127539
https://openalex.org/W4411715712,https://openalex.org/W4281901077
https://openalex.org/W4411715712,https://openalex.org/W4311821453
https://openalex.org/W7118459985,https://openalex.org/W4220835454
https://openalex.org/W7118459985,https://openalex.org/W4283012163
https://openalex.org/W7118459985,https://openalex.org/W4286203188
https://openalex.org/W4400973222,https://openalex.org/W4225894173
https://openalex.org/W4321612717,https://openalex.org/W4306681654
https://openalex.org/W4200563456,https://openalex.org/W3121026993
https://openalex.org/W4200563456,https://openalex.org/W3124543059
https://openalex.org/W4200563456,https://openalex.org/W3194709117
https://openalex.org/W4367047617,https://openalex.org/W3143807503
https://openalex.org/W4367047617,https://openalex.org/W4313244926
https://openalex.org/W4402640929,https://openalex.org/W4210973249
https://openalex.org/W4387503119,https://openalex.org/W3167316166
https://openalex.org/W4387503119,https://openalex.org/W4311001167
https://openalex.org/W4405245040,https://openalex.org/W3158142687
https://openalex.org/W4405245040,https://openalex.org/W3203091614
https://openalex.org/W4405245040,https://openalex.org/W4205862000
https://openalex.org/W4405245040,https://openalex.org/W4292212658
https://openalex.org/W4405245040,https://openalex.org/W4378977225
https://openalex.org/W4221048678,https://openalex.org/W3156248256
https://openalex.org/W4309722184,https://openalex.org/W3161352172
https://openalex.org/W7164822690,https://openalex.org/W4298004874
https://openalex.org/W7164822690,https://openalex.org/W4414243465
https://openalex.org/W7164822690,https://openalex.org/W4416187092
https://openalex.org/W7164822690,https://openalex.org/W7124141422
https://openalex.org/W7131358849,https://openalex.org/W4404749490
https://openalex.org/W4388339844,https://openalex.org/W3188496752
https://openalex.org/W4396519582,https://openalex.org/W3198783871
https://openalex.org/W4396519582,https://openalex.org/W4296709999
https://openalex.org/W3208966377,https://openalex.org/W3107635900
https://openalex.org/W3208966377,https://openalex.org/W3118467713
https://openalex.org/W3208966377,https://openalex.org/W3122059388
https://openalex.org/W3208966377,https://openalex.org/W3192903008
https://openalex.org/W3208966377,https://openalex.org/W4206974933
https://openalex.org/W4416615184,https://openalex.org/W4200366824
https://openalex.org/W4365791236,https://openalex.org/W3176921087
https://openalex.org/W4400986879,https://openalex.org/W4206050927
https://openalex.org/W4400986879,https://openalex.org/W4206497965
https://openalex.org/W4400986879,https://openalex.org/W4282841045
https://openalex.org/W4400986879,https://openalex.org/W4388797752
https://openalex.org/W4311419502,https://openalex.org/W3197485399
https://openalex.org/W4311419502,https://openalex.org/W4311419502
https://openalex.org/W4283803434,https://openalex.org/W3101000142
https://openalex.org/W4283803434,https://openalex.org/W3119608513
https://openalex.org/W4283803434,https://openalex.org/W3139319730
https://openalex.org/W4283803434,https://openalex.org/W3178960719
https://openalex.org/W4283803434,https://openalex.org/W3211871934
https://openalex.org/W4283803434,https://openalex.org/W4292249925
https://openalex.org/W4283803434,https://openalex.org/W4306888997
https://openalex.org/W4283803434,https://openalex.org/W4385259606
https://openalex.org/W7214641065,https://openalex.org/W4281643755
https://openalex.org/W7214641065,https://openalex.org/W4313830825
https://openalex.org/W7214641065,https://openalex.org/W4391544407
https://openalex.org/W7214641065,https://openalex.org/W4395094484
https://openalex.org/W4410189281,https://openalex.org/W4388694194
https://openalex.org/W4403808853,https://openalex.org/W4407559483
https://openalex.org/W4403808853,https://openalex.org/W4408549867
https://openalex.org/W4403987804,https://openalex.org/W3167768535
https://openalex.org/W3020722186,https://openalex.org/W3160643592
https://openalex.org/W4385158693,https://openalex.org/W4206662133
https://openalex.org/W4409412671,https://openalex.org/W4394689458
https://openalex.org/W4402601523,https://openalex.org/W4405262744
https://openalex.org/W4295678468,https://openalex.org/W2955649157
https://openalex.org/W4295678468,https://openalex.org/W3119288284
https://openalex.org/W4295678468,https://openalex.org/W3135298572
https://openalex.org/W4295678468,https://openalex.org/W3159714135
https://openalex.org/W4295678468,https://openalex.org/W3175266118
https://openalex.org/W4295678468,https://openalex.org/W4224999440
https://openalex.org/W4415953501,https://openalex.org/W3198535020
https://openalex.org/W4415953501,https://openalex.org/W4229002009
https://openalex.org/W4415953501,https://openalex.org/W4386209286
https://openalex.org/W4415953501,https://openalex.org/W4394674902
https://openalex.org/W4415953501,https://openalex.org/W4399908043
https://openalex.org/W4415953501,https://openalex.org/W4402192292
https://openalex.org/W4415953501,https://openalex.org/W4411545889
https://openalex.org/W7125264537,https://openalex.org/W3198497689
https://openalex.org/W7125264537,https://openalex.org/W4412827102
https://openalex.org/W4389273456,https://openalex.org/W3209552201
https://openalex.org/W4389273456,https://openalex.org/W4239148062
https://openalex.org/W4389273456,https://openalex.org/W4296416787
https://openalex.org/W4389273456,https://openalex.org/W4320029065
https://openalex.org/W4388001636,https://openalex.org/W4200250447
https://openalex.org/W3135123986,https://openalex.org/W3122209643
https://openalex.org/W3135123986,https://openalex.org/W3126627207
https://openalex.org/W4392238180,https://openalex.org/W4378071502
https://openalex.org/W4312531143,https://openalex.org/W3165403918
https://openalex.org/W7172276228,https://openalex.org/W4313439174
https://openalex.org/W7172276228,https://openalex.org/W4399753359
https://openalex.org/W2966129118,https://openalex.org/W2970524082
https://openalex.org/W4389485330,https://openalex.org/W4200210665
https://openalex.org/W3198592932,https://openalex.org/W2945457284
https://openalex.org/W4410873943,https://openalex.org/W4366827729
https://openalex.org/W4410873943,https://openalex.org/W4387845556
https://openalex.org/W4410873943,https://openalex.org/W4406327420
https://openalex.org/W4387479154,https://openalex.org/W3203217270
https://openalex.org/W4387479154,https://openalex.org/W4321510331
https://openalex.org/W4224126465,https://openalex.org/W3152903210
https://openalex.org/W4224126465,https://openalex.org/W3213888381
https://openalex.org/W4417212745,https://openalex.org/W4400533238
https://openalex.org/W4417212745,https://openalex.org/W4401211033
https://openalex.org/W4417212745,https://openalex.org/W4417432180
https://openalex.org/W7140584397,https://openalex.org/W3111072656
https://openalex.org/W7140584397,https://openalex.org/W3124297876
https://openalex.org/W7140584397,https://openalex.org/W3141423632
https://openalex.org/W7140584397,https://openalex.org/W3153041417
https://openalex.org/W7140584397,https://openalex.org/W3159627375
https://openalex.org/W7140584397,https://openalex.org/W3200991088
https://openalex.org/W7140584397,https://openalex.org/W4206556611
https://openalex.org/W7140584397,https://openalex.org/W4224228901
https://openalex.org/W7140584397,https://openalex.org/W4281289158
https://openalex.org/W7140584397,https://openalex.org/W4284880244
https://openalex.org/W7140584397,https://openalex.org/W4285083511
https://openalex.org/W7140584397,https://openalex.org/W4292148188
https://openalex.org/W7140584397,https://openalex.org/W4304118520
https://openalex.org/W7140584397,https://openalex.org/W4307938936
https://openalex.org/W7140584397,https://openalex.org/W4313593826
https://openalex.org/W7140584397,https://openalex.org/W4361765105
https://openalex.org/W7140584397,https://openalex.org/W4366465697
https://openalex.org/W7140584397,https://openalex.org/W4386462242
https://openalex.org/W7140584397,https://openalex.org/W4386927661
https://openalex.org/W7140584397,https://openalex.org/W4389167131
https://openalex.org/W7140584397,https://openalex.org/W4389435296
https://openalex.org/W7140584397,https://openalex.org/W4391280680
https://openalex.org/W7140584397,https://openalex.org/W4391340910
https://openalex.org/W7140584397,https://openalex.org/W4396735708
https://openalex.org/W7140584397,https://openalex.org/W4396835090
https://openalex.org/W7140584397,https://openalex.org/W4407216912
https://openalex.org/W7140584397,https://openalex.org/W4408621805
https://openalex.org/W7140584397,https://openalex.org/W4408927820
https://openalex.org/W7140584397,https://openalex.org/W4409987594
https://openalex.org/W7140584397,https://openalex.org/W4411061051
https://openalex.org/W7140584397,https://openalex.org/W4411865023
https://openalex.org/W7140584397,https://openalex.org/W4412626233
https://openalex.org/W4405943163,https://openalex.org/W3124585421
https://openalex.org/W4405943163,https://openalex.org/W3138005350
https://openalex.org/W4405943163,https://openalex.org/W3204716577
https://openalex.org/W4405943163,https://openalex.org/W4382725747
https://openalex.org/W4392807078,https://openalex.org/W3091333905
https://openalex.org/W4392807078,https://openalex.org/W3107835566
https://openalex.org/W4296401024,https://openalex.org/W3176069758
https://openalex.org/W7166797086,https://openalex.org/W3170614875
https://openalex.org/W7166797086,https://openalex.org/W3214810198
https://openalex.org/W7166797086,https://openalex.org/W4399320960
https://openalex.org/W7166797086,https://openalex.org/W4402159295
https://openalex.org/W7166797086,https://openalex.org/W4407121781
https://openalex.org/W7166797086,https://openalex.org/W4415547860
https://openalex.org/W7166797086,https://openalex.org/W7134248972
https://openalex.org/W4401021850,https://openalex.org/W3216770128
https://openalex.org/W7117576370,https://openalex.org/W4294837645
https://openalex.org/W7117576370,https://openalex.org/W4400240369
https://openalex.org/W4414065092,https://openalex.org/W4404004463
https://openalex.org/W4392907769,https://openalex.org/W4313855481
https://openalex.org/W4389505461,https://openalex.org/W4367627324
https://openalex.org/W4417268165,https://openalex.org/W3111256350
https://openalex.org/W4417268165,https://openalex.org/W3112618968
https://openalex.org/W4417268165,https://openalex.org/W3120584803
https://openalex.org/W4417268165,https://openalex.org/W3178960719
https://openalex.org/W4417268165,https://openalex.org/W3190301232
https://openalex.org/W4417268165,https://openalex.org/W4221161534
https://openalex.org/W4417268165,https://openalex.org/W4225003256
https://openalex.org/W4417268165,https://openalex.org/W4376983099
https://openalex.org/W4417268165,https://openalex.org/W4391591351
https://openalex.org/W4417268165,https://openalex.org/W4394905311
https://openalex.org/W4417268165,https://openalex.org/W4401211033
https://openalex.org/W4408144061,https://openalex.org/W4210310905
https://openalex.org/W4408144061,https://openalex.org/W4292454820
https://openalex.org/W4408144061,https://openalex.org/W4390594976
https://openalex.org/W4390431798,https://openalex.org/W4376455113
https://openalex.org/W4387169147,https://openalex.org/W3184330986
https://openalex.org/W4387169147,https://openalex.org/W4210644160
https://openalex.org/W4417469793,https://openalex.org/W3131592423
https://openalex.org/W4417469793,https://openalex.org/W4400929699
https://openalex.org/W7167672962,https://openalex.org/W3120784776
https://openalex.org/W7167672962,https://openalex.org/W3135010812
https://openalex.org/W7167672962,https://openalex.org/W4205880012
https://openalex.org/W4322739184,https://openalex.org/W4297902861
https://openalex.org/W4280579715,https://openalex.org/W4280573035
https://openalex.org/W7172302618,https://openalex.org/W7122401816
https://openalex.org/W4200433150,https://openalex.org/W3133526164
https://openalex.org/W4200433150,https://openalex.org/W3136360448
https://openalex.org/W4200433150,https://openalex.org/W3185570302
https://openalex.org/W4200433150,https://openalex.org/W4293195512
https://openalex.org/W7169766497,https://openalex.org/W4394905311
https://openalex.org/W7169766497,https://openalex.org/W4401211033
https://openalex.org/W4412192827,https://openalex.org/W3199144933
https://openalex.org/W4412192827,https://openalex.org/W4224228901
https://openalex.org/W4412192827,https://openalex.org/W4404536509
https://openalex.org/W4412192827,https://openalex.org/W4409464582
https://openalex.org/W4366178537,https://openalex.org/W4296977078
https://openalex.org/W4300724969,https://openalex.org/W3214198043
https://openalex.org/W4388495106,https://openalex.org/W4280527003
https://openalex.org/W4210310905,https://openalex.org/W3130566328
https://openalex.org/W4210310905,https://openalex.org/W3160643592
https://openalex.org/W7143741927,https://openalex.org/W3187751888
https://openalex.org/W7143741927,https://openalex.org/W4393933611
https://openalex.org/W7143741927,https://openalex.org/W4414493500
https://openalex.org/W4417364729,https://openalex.org/W3112618968
https://openalex.org/W4417364729,https://openalex.org/W3131624221
https://openalex.org/W4417364729,https://openalex.org/W3174158225
https://openalex.org/W4417364729,https://openalex.org/W3178960719
https://openalex.org/W4417364729,https://openalex.org/W4400408263
https://openalex.org/W4417364729,https://openalex.org/W4401211033
https://openalex.org/W4291238237,https://openalex.org/W3133234490
https://openalex.org/W4416559751,https://openalex.org/W4411062573
https://openalex.org/W4401215403,https://openalex.org/W3210663094
https://openalex.org/W4408612424,https://openalex.org/W4400002663
https://openalex.org/W7137873838,https://openalex.org/W4388703065
https://openalex.org/W4317182329,https://openalex.org/W4317182329
https://openalex.org/W4317617527,https://openalex.org/W3198636434
https://openalex.org/W4317617527,https://openalex.org/W4293066239
https://openalex.org/W4405637600,https://openalex.org/W2988972846
https://openalex.org/W4414309228,https://openalex.org/W4401211033
https://openalex.org/W3215511966,https://openalex.org/W3135813271
https://openalex.org/W4296416787,https://openalex.org/W3174765922
https://openalex.org/W4296416787,https://openalex.org/W4223902536
https://openalex.org/W4389728477,https://openalex.org/W4220883491
https://openalex.org/W4378834827,https://openalex.org/W4378834827
https://openalex.org/W3125583416,https://openalex.org/W3082120346
https://openalex.org/W3125583416,https://openalex.org/W3087430957
https://openalex.org/W3125583416,https://openalex.org/W3124630490
https://openalex.org/W4402580198,https://openalex.org/W3174118395
https://openalex.org/W4402580198,https://openalex.org/W4280527003
https://openalex.org/W4413925404,https://openalex.org/W3205028563
https://openalex.org/W4413925404,https://openalex.org/W3206057024
https://openalex.org/W4413925404,https://openalex.org/W4389665488
https://openalex.org/W4413925404,https://openalex.org/W4407734518
https://openalex.org/W4404351571,https://openalex.org/W4292219813
https://openalex.org/W4406250663,https://openalex.org/W4284693861
https://openalex.org/W4406250663,https://openalex.org/W4391655438
https://openalex.org/W7155373712,https://openalex.org/W4310080604
https://openalex.org/W7155373712,https://openalex.org/W4323817716
https://openalex.org/W7155373712,https://openalex.org/W4388203602
https://openalex.org/W7162133088,https://openalex.org/W4400359810
https://openalex.org/W7154842385,https://openalex.org/W4407156724
https://openalex.org/W4412097718,https://openalex.org/W4313649880
https://openalex.org/W4281706473,https://openalex.org/W3119512660
https://openalex.org/W4281706473,https://openalex.org/W3181562686
https://openalex.org/W4281706473,https://openalex.org/W4206557649
https://openalex.org/W4313387446,https://openalex.org/W3135003973
https://openalex.org/W4313387446,https://openalex.org/W3183627218
https://openalex.org/W4386188195,https://openalex.org/W3090256502
https://openalex.org/W4386188195,https://openalex.org/W3194629154
https://openalex.org/W4386188195,https://openalex.org/W4221146966
https://openalex.org/W4386188195,https://openalex.org/W4386188195
https://openalex.org/W4409158403,https://openalex.org/W4306316999
https://openalex.org/W4409158403,https://openalex.org/W4309651778
https://openalex.org/W3215123559,https://openalex.org/W3130715910
https://openalex.org/W4399300565,https://openalex.org/W3198535020
https://openalex.org/W4399300565,https://openalex.org/W4210380316
https://openalex.org/W4399300565,https://openalex.org/W4399300565
https://openalex.org/W4403551991,https://openalex.org/W4389572363
https://openalex.org/W4406382327,https://openalex.org/W4285821778
https://openalex.org/W7169061650,https://openalex.org/W4205556422
https://openalex.org/W7169061650,https://openalex.org/W4292489368
https://openalex.org/W7169061650,https://openalex.org/W4388035249
https://openalex.org/W4308245774,https://openalex.org/W4283748264
https://openalex.org/W4389799322,https://openalex.org/W4225357251
https://openalex.org/W4389799322,https://openalex.org/W4378843264
https://openalex.org/W4388976542,https://openalex.org/W4213417864
https://openalex.org/W3202604212,https://openalex.org/W3120615272
https://openalex.org/W7164377377,https://openalex.org/W3119738836
https://openalex.org/W7164377377,https://openalex.org/W3177246877
https://openalex.org/W7164377377,https://openalex.org/W3197033820
https://openalex.org/W7164377377,https://openalex.org/W4387600572
https://openalex.org/W7164377377,https://openalex.org/W4388414460
https://openalex.org/W7164377377,https://openalex.org/W4403948457
https://openalex.org/W7164377377,https://openalex.org/W4411786255
https://openalex.org/W7164377377,https://openalex.org/W4416899830
https://openalex.org/W4411290764,https://openalex.org/W4392158813
https://openalex.org/W7163662899,https://openalex.org/W4417524424
https://openalex.org/W7163662899,https://openalex.org/W7132852360
https://openalex.org/W3157037438,https://openalex.org/W3136431815
https://openalex.org/W4400735231,https://openalex.org/W3120242691
https://openalex.org/W4404757840,https://openalex.org/W4402302881
https://openalex.org/W4400204817,https://openalex.org/W3197994619
https://openalex.org/W4400204817,https://openalex.org/W4288036372
https://openalex.org/W4400204817,https://openalex.org/W4388500936
https://openalex.org/W4378953432,https://openalex.org/W3162960186
https://openalex.org/W4378953432,https://openalex.org/W4212802700
https://openalex.org/W4378953432,https://openalex.org/W4287307591
https://openalex.org/W4280571636,https://openalex.org/W4280571636
https://openalex.org/W4401588390,https://openalex.org/W3136777397
https://openalex.org/W4401588390,https://openalex.org/W3166296073
https://openalex.org/W4401588390,https://openalex.org/W4205107268
https://openalex.org/W4401588390,https://openalex.org/W4213449012
https://openalex.org/W4401588390,https://openalex.org/W4366496085
https://openalex.org/W4401588390,https://openalex.org/W4382930440
https://openalex.org/W4226306364,https://openalex.org/W3151244818
https://openalex.org/W4226306364,https://openalex.org/W3209134806
https://openalex.org/W4226306364,https://openalex.org/W3214157598
https://openalex.org/W4226306364,https://openalex.org/W4200171432
https://openalex.org/W4404955456,https://openalex.org/W3185570302
https://openalex.org/W4404955456,https://openalex.org/W3194052897
https://openalex.org/W4404955456,https://openalex.org/W4313518310
https://openalex.org/W4386159596,https://openalex.org/W3193414182
https://openalex.org/W4386159596,https://openalex.org/W3194755500
https://openalex.org/W4210644027,https://openalex.org/W3165060406
https://openalex.org/W4365211529,https://openalex.org/W4365211514
https://openalex.org/W4408662290,https://openalex.org/W3209815842
https://openalex.org/W4408662290,https://openalex.org/W4295078725
https://openalex.org/W4408662290,https://openalex.org/W4408662290
https://openalex.org/W4399050652,https://openalex.org/W3194005326
https://openalex.org/W4399050652,https://openalex.org/W4320481969
https://openalex.org/W3136970984,https://openalex.org/W3157214414
https://openalex.org/W4385349270,https://openalex.org/W4385349270
https://openalex.org/W4403117451,https://openalex.org/W4386346874
https://openalex.org/W4293245214,https://openalex.org/W3217049760
https://openalex.org/W4401223705,https://openalex.org/W4306158354
https://openalex.org/W4401223705,https://openalex.org/W4385522476
https://openalex.org/W3207297041,https://openalex.org/W3184319873
https://openalex.org/W3207297041,https://openalex.org/W3207297041
https://openalex.org/W3207297041,https://openalex.org/W4210310905
https://openalex.org/W4399782687,https://openalex.org/W3167585398
https://openalex.org/W4399782687,https://openalex.org/W4212808877
https://openalex.org/W4280633142,https://openalex.org/W4213116381
https://openalex.org/W4319729410,https://openalex.org/W3013345219
https://openalex.org/W4319729410,https://openalex.org/W4319730355
https://openalex.org/W4205788227,https://openalex.org/W3181562686
https://openalex.org/W4407948661,https://openalex.org/W4309651778
https://openalex.org/W4407948661,https://openalex.org/W4309651832
https://openalex.org/W4407948661,https://openalex.org/W4387848751
https://openalex.org/W4407948661,https://openalex.org/W4396918914
https://openalex.org/W4413522594,https://openalex.org/W4224999681
https://openalex.org/W4366423648,https://openalex.org/W3167585398
https://openalex.org/W4366423648,https://openalex.org/W4212808877
https://openalex.org/W4414276072,https://openalex.org/W3133526164
https://openalex.org/W4414276072,https://openalex.org/W3194052897
https://openalex.org/W4414276072,https://openalex.org/W4210731194
https://openalex.org/W4414276072,https://openalex.org/W4293195512
https://openalex.org/W4414276072,https://openalex.org/W4312645560
https://openalex.org/W4414276072,https://openalex.org/W4379259674
https://openalex.org/W4414276072,https://openalex.org/W4385453616
https://openalex.org/W4414276072,https://openalex.org/W4391807435
https://openalex.org/W4402643404,https://openalex.org/W3210367424
https://openalex.org/W4280539585,https://openalex.org/W3206813563
https://openalex.org/W7214104272,https://openalex.org/W4410828292
https://openalex.org/W7214104272,https://openalex.org/W7117299631
https://openalex.org/W7214104272,https://openalex.org/W7163326300
https://openalex.org/W4295037421,https://openalex.org/W4200161666
https://openalex.org/W4295037421,https://openalex.org/W4210566050
https://openalex.org/W7131091360,https://openalex.org/W3135793359
https://openalex.org/W4294578431,https://openalex.org/W3189567893
https://openalex.org/W4412566862,https://openalex.org/W3112618968
https://openalex.org/W4412566862,https://openalex.org/W4288047534
https://openalex.org/W4412566862,https://openalex.org/W4396232705
https://openalex.org/W4412566862,https://openalex.org/W4401211033
https://openalex.org/W4412566862,https://openalex.org/W4408613682
https://openalex.org/W4401666983,https://openalex.org/W3194005326
https://openalex.org/W4401666983,https://openalex.org/W4294785862
https://openalex.org/W4401666983,https://openalex.org/W4311454723
https://openalex.org/W4401666983,https://openalex.org/W4361201139
https://openalex.org/W4401666983,https://openalex.org/W4361853232
https://openalex.org/W7134169096,https://openalex.org/W7126237586
https://openalex.org/W7119501307,https://openalex.org/W4404504895
https://openalex.org/W7119501307,https://openalex.org/W4410391835
https://openalex.org/W7140085545,https://openalex.org/W4372214840
https://openalex.org/W7140085545,https://openalex.org/W4382680263
https://openalex.org/W7140085545,https://openalex.org/W4387671652
https://openalex.org/W3165017628,https://openalex.org/W3127444346
https://openalex.org/W7143912401,https://openalex.org/W4403597013
https://openalex.org/W7143912401,https://openalex.org/W4410038996
https://openalex.org/W4410756746,https://openalex.org/W4366452046
https://openalex.org/W4410756746,https://openalex.org/W4388479105
https://openalex.org/W4399973455,https://openalex.org/W4308774076
https://openalex.org/W4399973455,https://openalex.org/W4327899805
https://openalex.org/W4399973455,https://openalex.org/W4366977908
https://openalex.org/W4399973455,https://openalex.org/W4400499443
https://openalex.org/W7172438154,https://openalex.org/W4396600998
https://openalex.org/W7172438154,https://openalex.org/W7127638408
https://openalex.org/W4416214686,https://openalex.org/W3138914459
https://openalex.org/W7127311493,https://openalex.org/W4398784830
https://openalex.org/W4212808803,https://openalex.org/W3157375112
https://openalex.org/W4212808803,https://openalex.org/W4319000720
https://openalex.org/W3212737794,https://openalex.org/W3097233283
https://openalex.org/W3212737794,https://openalex.org/W3155814090
https://openalex.org/W3212737794,https://openalex.org/W3213657016
https://openalex.org/W3212737794,https://openalex.org/W4212869050
https://openalex.org/W4310449823,https://openalex.org/W4213438631
https://openalex.org/W4401515583,https://openalex.org/W3153041417
https://openalex.org/W4401515583,https://openalex.org/W3216840364
https://openalex.org/W4401515583,https://openalex.org/W4281289158
https://openalex.org/W4401515583,https://openalex.org/W4293851205
https://openalex.org/W4393978878,https://openalex.org/W3157227195
https://openalex.org/W4393978878,https://openalex.org/W3159961903
https://openalex.org/W4400118920,https://openalex.org/W3170125905
https://openalex.org/W4400118920,https://openalex.org/W4317914647
https://openalex.org/W4310717567,https://openalex.org/W4220875866
https://openalex.org/W4310717567,https://openalex.org/W4285262755
https://openalex.org/W4310717567,https://openalex.org/W4310717567
https://openalex.org/W7134123242,https://openalex.org/W4321434821
https://openalex.org/W4413317888,https://openalex.org/W4292826342
https://openalex.org/W4413317888,https://openalex.org/W4307944480
https://openalex.org/W4398138066,https://openalex.org/W3126627207
https://openalex.org/W4398138066,https://openalex.org/W3134314150
https://openalex.org/W4398138066,https://openalex.org/W4281661809
https://openalex.org/W4398138066,https://openalex.org/W4283793747
https://openalex.org/W4398138066,https://openalex.org/W4298126387
https://openalex.org/W4353086315,https://openalex.org/W4225679046
https://openalex.org/W4408416790,https://openalex.org/W4372194226
https://openalex.org/W4408416790,https://openalex.org/W4386874315
https://openalex.org/W4416102496,https://openalex.org/W3121026993
https://openalex.org/W4416102496,https://openalex.org/W4282921883
https://openalex.org/W4416102496,https://openalex.org/W4297884073
https://openalex.org/W4386470791,https://openalex.org/W3160660021
https://openalex.org/W4386652261,https://openalex.org/W3174741611
https://openalex.org/W4406686634,https://openalex.org/W4402352537
https://openalex.org/W4406725186,https://openalex.org/W4311108326
https://openalex.org/W4406725186,https://openalex.org/W4405530931
https://openalex.org/W4395032966,https://openalex.org/W3195610698
https://openalex.org/W4404454794,https://openalex.org/W4376455113
https://openalex.org/W4404454794,https://openalex.org/W4379012282
https://openalex.org/W7204090890,https://openalex.org/W4415430707
https://openalex.org/W4392130241,https://openalex.org/W3170991167
https://openalex.org/W4385216013,https://openalex.org/W4286587775
https://openalex.org/W4402419188,https://openalex.org/W3209926681
https://openalex.org/W4402419188,https://openalex.org/W4400606092
https://openalex.org/W4404555542,https://openalex.org/W4382681453
https://openalex.org/W4310191503,https://openalex.org/W3120533342
https://openalex.org/W4310191503,https://openalex.org/W4214818211
https://openalex.org/W7116069885,https://openalex.org/W4399855228
https://openalex.org/W7116069885,https://openalex.org/W4409365489
https://openalex.org/W4311788908,https://openalex.org/W4280625250
https://openalex.org/W3162857791,https://openalex.org/W3184526219
https://openalex.org/W4361296887,https://openalex.org/W3126770590
https://openalex.org/W4361296887,https://openalex.org/W3136002517
https://openalex.org/W4413383214,https://openalex.org/W4205320102
https://openalex.org/W4413383214,https://openalex.org/W4280604911
https://openalex.org/W4413383214,https://openalex.org/W4321479822
https://openalex.org/W4413383214,https://openalex.org/W4386691057
https://openalex.org/W4413383214,https://openalex.org/W4391303049
https://openalex.org/W4385236524,https://openalex.org/W3120784776
https://openalex.org/W4388007522,https://openalex.org/W3133576449
https://openalex.org/W4388007522,https://openalex.org/W3199590358
https://openalex.org/W4388007522,https://openalex.org/W4318586845
https://openalex.org/W4383821004,https://openalex.org/W4280637657
https://openalex.org/W4383821004,https://openalex.org/W4281779019
https://openalex.org/W4226389793,https://openalex.org/W4205537921
https://openalex.org/W4226389793,https://openalex.org/W4226389793
https://openalex.org/W4213428903,https://openalex.org/W3209730426
https://openalex.org/W4416100328,https://openalex.org/W4390967223
https://openalex.org/W4405012107,https://openalex.org/W4220773380
https://openalex.org/W4411078464,https://openalex.org/W3121709350
https://openalex.org/W4411078464,https://openalex.org/W3212937751
https://openalex.org/W4411078464,https://openalex.org/W4281703310
https://openalex.org/W4411078464,https://openalex.org/W4393973765
https://openalex.org/W4411078464,https://openalex.org/W4401159012
https://openalex.org/W4400185670,https://openalex.org/W3206812573
https://openalex.org/W4400185670,https://openalex.org/W4289518974
https://openalex.org/W4400185670,https://openalex.org/W4392879269
https://openalex.org/W4410806251,https://openalex.org/W4280553598
https://openalex.org/W4410806251,https://openalex.org/W4378566993
https://openalex.org/W4412444804,https://openalex.org/W4408652426
https://openalex.org/W7140073384,https://openalex.org/W4288036372
https://openalex.org/W4403998607,https://openalex.org/W4382982918
https://openalex.org/W4288051473,https://openalex.org/W4213437933
https://openalex.org/W7169772124,https://openalex.org/W4405755277
https://openalex.org/W7169772124,https://openalex.org/W4410040007
https://openalex.org/W3165175497,https://openalex.org/W3164349505
https://openalex.org/W4322752911,https://openalex.org/W4322752911
https://openalex.org/W4322752911,https://openalex.org/W4393720266
https://openalex.org/W4284885467,https://openalex.org/W3187441665
https://openalex.org/W4284885467,https://openalex.org/W3200302861
https://openalex.org/W4391522028,https://openalex.org/W3208905816
https://openalex.org/W4401748815,https://openalex.org/W3041629860
https://openalex.org/W7171541410,https://openalex.org/W4394905311
https://openalex.org/W4408230408,https://openalex.org/W3187100460
https://openalex.org/W4408230408,https://openalex.org/W3189199117
https://openalex.org/W4408230408,https://openalex.org/W4210693348
https://openalex.org/W4408230408,https://openalex.org/W4390936256
https://openalex.org/W4408230408,https://openalex.org/W4405911594
https://openalex.org/W4413786737,https://openalex.org/W3185032257
https://openalex.org/W4413786737,https://openalex.org/W4401179048
https://openalex.org/W4413857264,https://openalex.org/W4395681644
https://openalex.org/W4413857264,https://openalex.org/W4399262073
https://openalex.org/W4413857264,https://openalex.org/W4407187238
https://openalex.org/W4404040044,https://openalex.org/W4312645560
https://openalex.org/W4404040044,https://openalex.org/W4379259674
https://openalex.org/W4408528606,https://openalex.org/W4381624353
https://openalex.org/W4414507806,https://openalex.org/W4281660682
https://openalex.org/W4414507806,https://openalex.org/W4391449940
https://openalex.org/W7129104892,https://openalex.org/W3199068996
https://openalex.org/W7129104892,https://openalex.org/W3209026745
https://openalex.org/W7129104892,https://openalex.org/W4213023208
https://openalex.org/W7129104892,https://openalex.org/W4220873877
https://openalex.org/W4399071532,https://openalex.org/W3085497393
https://openalex.org/W4404044534,https://openalex.org/W4283835952
https://openalex.org/W4404044534,https://openalex.org/W4293801682
https://openalex.org/W4404044534,https://openalex.org/W4312105649
https://openalex.org/W4385490657,https://openalex.org/W4303021939
https://openalex.org/W4385490657,https://openalex.org/W4323294709
https://openalex.org/W4416929042,https://openalex.org/W3162403075
https://openalex.org/W4416929042,https://openalex.org/W4403756919
https://openalex.org/W4225512253,https://openalex.org/W3112618968
https://openalex.org/W4225512253,https://openalex.org/W3151486971
https://openalex.org/W4225512253,https://openalex.org/W3178960719
https://openalex.org/W4225512253,https://openalex.org/W4214579071
https://openalex.org/W4393864284,https://openalex.org/W4310449368
https://openalex.org/W4393864284,https://openalex.org/W4312219141
https://openalex.org/W4393864284,https://openalex.org/W4378842868
https://openalex.org/W4392508538,https://openalex.org/W3152464220
https://openalex.org/W4390563095,https://openalex.org/W4210266265
https://openalex.org/W3203593820,https://openalex.org/W3204165321
https://openalex.org/W4308952256,https://openalex.org/W4308952256
https://openalex.org/W4409975883,https://openalex.org/W4200361400
https://openalex.org/W4409975883,https://openalex.org/W4396552434
https://openalex.org/W4409975883,https://openalex.org/W4408593207
https://openalex.org/W4385145767,https://openalex.org/W4286471083
https://openalex.org/W4385145767,https://openalex.org/W4313244926
https://openalex.org/W4389979069,https://openalex.org/W3110713251
https://openalex.org/W4389979069,https://openalex.org/W3122725988
https://openalex.org/W4389979069,https://openalex.org/W3214683409
https://openalex.org/W4389979069,https://openalex.org/W4225407198
https://openalex.org/W4389979069,https://openalex.org/W4281660682
https://openalex.org/W4366366407,https://openalex.org/W3131569705
https://openalex.org/W4366366407,https://openalex.org/W4205711751
https://openalex.org/W4366366407,https://openalex.org/W4308798400
https://openalex.org/W4366366407,https://openalex.org/W4309847903
https://openalex.org/W4415353556,https://openalex.org/W4327899805
https://openalex.org/W4415353556,https://openalex.org/W4386070942
https://openalex.org/W4415353556,https://openalex.org/W4402625831
https://openalex.org/W4415353556,https://openalex.org/W4412747974
https://openalex.org/W4407270381,https://openalex.org/W3194936931
https://openalex.org/W4407270381,https://openalex.org/W3213578391
https://openalex.org/W4407270381,https://openalex.org/W4319000720
https://openalex.org/W4366256955,https://openalex.org/W4281772265
https://openalex.org/W4366256955,https://openalex.org/W4286252674
https://openalex.org/W4366256955,https://openalex.org/W4289831378
https://openalex.org/W4366256955,https://openalex.org/W4366256955
https://openalex.org/W4393934970,https://openalex.org/W4206687018
https://openalex.org/W3200475073,https://openalex.org/W3134730129
https://openalex.org/W3200475073,https://openalex.org/W3155091396
https://openalex.org/W3200475073,https://openalex.org/W4210443136
https://openalex.org/W4390416451,https://openalex.org/W4221140302
https://openalex.org/W4390416451,https://openalex.org/W4361029949
https://openalex.org/W4390416451,https://openalex.org/W4378843082
https://openalex.org/W4390416451,https://openalex.org/W4386159140
https://openalex.org/W4390416451,https://openalex.org/W4386260189
https://openalex.org/W4390416451,https://openalex.org/W4386260274
https://openalex.org/W4390416451,https://openalex.org/W4390416467
https://openalex.org/W3180204241,https://openalex.org/W3203577733
https://openalex.org/W4404123135,https://openalex.org/W4362604857
https://openalex.org/W4404123135,https://openalex.org/W4390452299
https://openalex.org/W4404123135,https://openalex.org/W4393046489
https://openalex.org/W4394820388,https://openalex.org/W4284693861
https://openalex.org/W4394820388,https://openalex.org/W4308148580
https://openalex.org/W4312094454,https://openalex.org/W3134314150
https://openalex.org/W4402474579,https://openalex.org/W4285121534
https://openalex.org/W4402474579,https://openalex.org/W4310449823
https://openalex.org/W4402474579,https://openalex.org/W4399880665
https://openalex.org/W4405700724,https://openalex.org/W4297183843
https://openalex.org/W4404349541,https://openalex.org/W3177664440
https://openalex.org/W4404349541,https://openalex.org/W4210737025
https://openalex.org/W4404349541,https://openalex.org/W4210767740
https://openalex.org/W7161896286,https://openalex.org/W3134915252
https://openalex.org/W7161896286,https://openalex.org/W4360993657
https://openalex.org/W7161896286,https://openalex.org/W4405449632
https://openalex.org/W4306250782,https://openalex.org/W3118821465
https://openalex.org/W4306250782,https://openalex.org/W3135083166
https://openalex.org/W4306250782,https://openalex.org/W4210416610
https://openalex.org/W4306809803,https://openalex.org/W3166981941
https://openalex.org/W4295884756,https://openalex.org/W3133527488
https://openalex.org/W4295884756,https://openalex.org/W3182954530
https://openalex.org/W4295884756,https://openalex.org/W3214810198
https://openalex.org/W4295884756,https://openalex.org/W4205904206
https://openalex.org/W4210754996,https://openalex.org/W3125846622
https://openalex.org/W4210754996,https://openalex.org/W3202490030
https://openalex.org/W4413270285,https://openalex.org/W4206706609
https://openalex.org/W4413270285,https://openalex.org/W4297198186
https://openalex.org/W4413270285,https://openalex.org/W4399222655
https://openalex.org/W4392637049,https://openalex.org/W4210644160
https://openalex.org/W4412107787,https://openalex.org/W4200141021
https://openalex.org/W4412107787,https://openalex.org/W4401184074
https://openalex.org/W4414249390,https://openalex.org/W3015098601
https://openalex.org/W4414258769,https://openalex.org/W3165060406
https://openalex.org/W4412036633,https://openalex.org/W3214627820
https://openalex.org/W4412036633,https://openalex.org/W4400146155
https://openalex.org/W4410492752,https://openalex.org/W3171569184
https://openalex.org/W4410492752,https://openalex.org/W4281764884
https://openalex.org/W4410492752,https://openalex.org/W4312722922
https://openalex.org/W4410492752,https://openalex.org/W4313057868
https://openalex.org/W4410492752,https://openalex.org/W4321770307
https://openalex.org/W4410492752,https://openalex.org/W4385337683
https://openalex.org/W4410492752,https://openalex.org/W4391991865
https://openalex.org/W4410492752,https://openalex.org/W4399849278
https://openalex.org/W4410492752,https://openalex.org/W4401114416
https://openalex.org/W4410492752,https://openalex.org/W4404133722
https://openalex.org/W4410492752,https://openalex.org/W4408100435
https://openalex.org/W4308298470,https://openalex.org/W3199261654
https://openalex.org/W4221156767,https://openalex.org/W3126243977
https://openalex.org/W7160908658,https://openalex.org/W4400493581
https://openalex.org/W7203978589,https://openalex.org/W4387122519
https://openalex.org/W7203978589,https://openalex.org/W4387807491
https://openalex.org/W7203978589,https://openalex.org/W7139981768
https://openalex.org/W4393407726,https://openalex.org/W3154461191
https://openalex.org/W4393407726,https://openalex.org/W3178664441
https://openalex.org/W4393407726,https://openalex.org/W3193451618
https://openalex.org/W4393407726,https://openalex.org/W4223970269
https://openalex.org/W4393407726,https://openalex.org/W4362554816
https://openalex.org/W4393407726,https://openalex.org/W4377233679
https://openalex.org/W4393407726,https://openalex.org/W4388019806
https://openalex.org/W4410340591,https://openalex.org/W4307358196
https://openalex.org/W4366091570,https://openalex.org/W3129892326
https://openalex.org/W4366091570,https://openalex.org/W3167088720
https://openalex.org/W4366091570,https://openalex.org/W3210032307
https://openalex.org/W4366091570,https://openalex.org/W4214879128
https://openalex.org/W4306672747,https://openalex.org/W4306672747
https://openalex.org/W4390967332,https://openalex.org/W3131569705
https://openalex.org/W4390967332,https://openalex.org/W4205711751
https://openalex.org/W4390967332,https://openalex.org/W4308798400
https://openalex.org/W4390967332,https://openalex.org/W4309847903
https://openalex.org/W4390967332,https://openalex.org/W4366366407
https://openalex.org/W4390967332,https://openalex.org/W4380870457
https://openalex.org/W4415529181,https://openalex.org/W3129711800
https://openalex.org/W4415529181,https://openalex.org/W3169530204
https://openalex.org/W4415529181,https://openalex.org/W3184968032
https://openalex.org/W4415529181,https://openalex.org/W4307125471
https://openalex.org/W4415529181,https://openalex.org/W4380853240
https://openalex.org/W4415529181,https://openalex.org/W4386703756
https://openalex.org/W4415529181,https://openalex.org/W4390245576
https://openalex.org/W4415529181,https://openalex.org/W4401582277
https://openalex.org/W4415529181,https://openalex.org/W4402266102
https://openalex.org/W4415529181,https://openalex.org/W4404211791
https://openalex.org/W4415529181,https://openalex.org/W4404829656
https://openalex.org/W4415529181,https://openalex.org/W4412891596
https://openalex.org/W4415529181,https://openalex.org/W4414532903
https://openalex.org/W4387998499,https://openalex.org/W3195176717
https://openalex.org/W4387998499,https://openalex.org/W4283733087
https://openalex.org/W4387998499,https://openalex.org/W4378174724
https://openalex.org/W4387998499,https://openalex.org/W4385839365
https://openalex.org/W4321479822,https://openalex.org/W3202309390
https://openalex.org/W4321479822,https://openalex.org/W4206611611
https://openalex.org/W4321479822,https://openalex.org/W4210347092
https://openalex.org/W4321479822,https://openalex.org/W4280604911
https://openalex.org/W4309702764,https://openalex.org/W3118901166
https://openalex.org/W3160020830,https://openalex.org/W3049455208
https://openalex.org/W4389054312,https://openalex.org/W4323366137
https://openalex.org/W4410568512,https://openalex.org/W4403160354
https://openalex.org/W4410568512,https://openalex.org/W4405726218
https://openalex.org/W4306158354,https://openalex.org/W3126770590
https://openalex.org/W4408281678,https://openalex.org/W4280516769
https://openalex.org/W4408281678,https://openalex.org/W4361853982
https://openalex.org/W4408281678,https://openalex.org/W4386159145
https://openalex.org/W4408281678,https://openalex.org/W4407304452
https://openalex.org/W4408281678,https://openalex.org/W4408281904
https://openalex.org/W4417453212,https://openalex.org/W4286456962
https://openalex.org/W4417453212,https://openalex.org/W4381191853
https://openalex.org/W4417453212,https://openalex.org/W4390201593
https://openalex.org/W4417453212,https://openalex.org/W4403052293
https://openalex.org/W3122689125,https://openalex.org/W3122147546
https://openalex.org/W3122689125,https://openalex.org/W3124427231
https://openalex.org/W4384664063,https://openalex.org/W3181388921
https://openalex.org/W4384664063,https://openalex.org/W4200080921
https://openalex.org/W4384664063,https://openalex.org/W4318262978
https://openalex.org/W4392972133,https://openalex.org/W2963002078
https://openalex.org/W4392972133,https://openalex.org/W4375959530
https://openalex.org/W7155040523,https://openalex.org/W3006291201
https://openalex.org/W7155040523,https://openalex.org/W4396844103
https://openalex.org/W7155040523,https://openalex.org/W4403899685
https://openalex.org/W7128363260,https://openalex.org/W4404633231
https://openalex.org/W7128363260,https://openalex.org/W4410244783
https://openalex.org/W4306399518,https://openalex.org/W4306399518
https://openalex.org/W7169152213,https://openalex.org/W4310928750
https://openalex.org/W7169152213,https://openalex.org/W4402589648
https://openalex.org/W7169152213,https://openalex.org/W4409882835
https://openalex.org/W7169152213,https://openalex.org/W7118469379
https://openalex.org/W7141579041,https://openalex.org/W4393183862
https://openalex.org/W7141579041,https://openalex.org/W4400909494
https://openalex.org/W7141579041,https://openalex.org/W4405755277
https://openalex.org/W7141579041,https://openalex.org/W4406157483
https://openalex.org/W4414372737,https://openalex.org/W4399731731
https://openalex.org/W4414372737,https://openalex.org/W4409027044
https://openalex.org/W7114789498,https://openalex.org/W3123212709
https://openalex.org/W7114789498,https://openalex.org/W4416816615
https://openalex.org/W4313485069,https://openalex.org/W3198497689
https://openalex.org/W4407800927,https://openalex.org/W4390752108
https://openalex.org/W7172331758,https://openalex.org/W3197135504
https://openalex.org/W7172331758,https://openalex.org/W3201238815
https://openalex.org/W7172331758,https://openalex.org/W4298326802
https://openalex.org/W4407513173,https://openalex.org/W4383345473
https://openalex.org/W4407513173,https://openalex.org/W4386987723
https://openalex.org/W4407513173,https://openalex.org/W4390615597
https://openalex.org/W4407513173,https://openalex.org/W4390990725
https://openalex.org/W4407513173,https://openalex.org/W4396520643
https://openalex.org/W4407513173,https://openalex.org/W4399882769
https://openalex.org/W4407513173,https://openalex.org/W4401036218
https://openalex.org/W7117581759,https://openalex.org/W4284693861
https://openalex.org/W7117581759,https://openalex.org/W4397041465
https://openalex.org/W7117581759,https://openalex.org/W4406250663
https://openalex.org/W7117581759,https://openalex.org/W4409281687
https://openalex.org/W4400000588,https://openalex.org/W3198335193
https://openalex.org/W4400000588,https://openalex.org/W4394754131
https://openalex.org/W4400000588,https://openalex.org/W4396641340
https://openalex.org/W3180799306,https://openalex.org/W3119224404
https://openalex.org/W3180799306,https://openalex.org/W3170486725
https://openalex.org/W7213353113,https://openalex.org/W4378782840
https://openalex.org/W4386725785,https://openalex.org/W3121026993
https://openalex.org/W4386725785,https://openalex.org/W4200563456
https://openalex.org/W4386725785,https://openalex.org/W4283271016
https://openalex.org/W4386725785,https://openalex.org/W4295925815
https://openalex.org/W4399534328,https://openalex.org/W4381279184
https://openalex.org/W4399534328,https://openalex.org/W4399535118
https://openalex.org/W4399534328,https://openalex.org/W4399535322
https://openalex.org/W4399534328,https://openalex.org/W4399535331
https://openalex.org/W4399534328,https://openalex.org/W4399535373
https://openalex.org/W7129346898,https://openalex.org/W4301187550
https://openalex.org/W7129346898,https://openalex.org/W4388631061
https://openalex.org/W4378172903,https://openalex.org/W3171954900
https://openalex.org/W4402751498,https://openalex.org/W4206242836
https://openalex.org/W4402751498,https://openalex.org/W4311679888
https://openalex.org/W4402751498,https://openalex.org/W4361304792
https://openalex.org/W4402751498,https://openalex.org/W4386887387
https://openalex.org/W4402751498,https://openalex.org/W4394730055
https://openalex.org/W7172030484,https://openalex.org/W3159965249
https://openalex.org/W7172030484,https://openalex.org/W4378783628
https://openalex.org/W7172030484,https://openalex.org/W4405941268
https://openalex.org/W7172030484,https://openalex.org/W4410511763
https://openalex.org/W7172030484,https://openalex.org/W4415711896
https://openalex.org/W4386609385,https://openalex.org/W2989993629
https://openalex.org/W4386609385,https://openalex.org/W4200634650
https://openalex.org/W4367043001,https://openalex.org/W4308142605
https://openalex.org/W4404416696,https://openalex.org/W4366290775
https://openalex.org/W4404416696,https://openalex.org/W4385425730
https://openalex.org/W4404416696,https://openalex.org/W4389133845
https://openalex.org/W4404416696,https://openalex.org/W4399782262
https://openalex.org/W4404416696,https://openalex.org/W4401430587
https://openalex.org/W4200440847,https://openalex.org/W3215102050
https://openalex.org/W4391996191,https://openalex.org/W3203669300
https://openalex.org/W4224948013,https://openalex.org/W4280506118
https://openalex.org/W7125522864,https://openalex.org/W4411030895
https://openalex.org/W4404110792,https://openalex.org/W3120784776
https://openalex.org/W4404110792,https://openalex.org/W3135010812
https://openalex.org/W4404110792,https://openalex.org/W3193825249
https://openalex.org/W4404110792,https://openalex.org/W4213289503
https://openalex.org/W4404110792,https://openalex.org/W4287846829
https://openalex.org/W4404110792,https://openalex.org/W4289519362
https://openalex.org/W4404110792,https://openalex.org/W4312645560
https://openalex.org/W4404110792,https://openalex.org/W4379259674
https://openalex.org/W4404110792,https://openalex.org/W4385453616
https://openalex.org/W4404110792,https://openalex.org/W4386159341
https://openalex.org/W4312112726,https://openalex.org/W4280539585
https://openalex.org/W4381857155,https://openalex.org/W4281633800
https://openalex.org/W4381857155,https://openalex.org/W4317840280
https://openalex.org/W3150860489,https://openalex.org/W3125018023
https://openalex.org/W4394806480,https://openalex.org/W4380881712
https://openalex.org/W7163049568,https://openalex.org/W3198005760
https://openalex.org/W7163049568,https://openalex.org/W4225571916
https://openalex.org/W7163049568,https://openalex.org/W4403776346
https://openalex.org/W7163049568,https://openalex.org/W7117581759
https://openalex.org/W7163049568,https://openalex.org/W7125777935
https://openalex.org/W4407872309,https://openalex.org/W4386287045
https://openalex.org/W4407872309,https://openalex.org/W4402713180
https://openalex.org/W4407872309,https://openalex.org/W4402928833
https://openalex.org/W4306173424,https://openalex.org/W4283835952
https://openalex.org/W4306173424,https://openalex.org/W4293801682
https://openalex.org/W4394693302,https://openalex.org/W3165714691
https://openalex.org/W4289137995,https://openalex.org/W4289137995
https://openalex.org/W4408112911,https://openalex.org/W4296101602
https://openalex.org/W7140230606,https://openalex.org/W4379162256
https://openalex.org/W7140230606,https://openalex.org/W7142551644
https://openalex.org/W4376149896,https://openalex.org/W3159414844
https://openalex.org/W4376149896,https://openalex.org/W4312303698
https://openalex.org/W4404482962,https://openalex.org/W3120991620
https://openalex.org/W4404482962,https://openalex.org/W4393549560
https://openalex.org/W4402675562,https://openalex.org/W4394972163
https://openalex.org/W4402675562,https://openalex.org/W4400883379
https://openalex.org/W4387415235,https://openalex.org/W3179303093
https://openalex.org/W4387415235,https://openalex.org/W4282971422
https://openalex.org/W4387415235,https://openalex.org/W4285087937
https://openalex.org/W4387415235,https://openalex.org/W4289755677
https://openalex.org/W4387415235,https://openalex.org/W4293484749
https://openalex.org/W4387415235,https://openalex.org/W4294785862
https://openalex.org/W4387415235,https://openalex.org/W4311454723
https://openalex.org/W7196960591,https://openalex.org/W4213197402
https://openalex.org/W4406897979,https://openalex.org/W4200031282
https://openalex.org/W4406897979,https://openalex.org/W4205407333
https://openalex.org/W4406897979,https://openalex.org/W4389488673
https://openalex.org/W4406897979,https://openalex.org/W4392935374
https://openalex.org/W4411925605,https://openalex.org/W4383893913
https://openalex.org/W4411925605,https://openalex.org/W4392777838
https://openalex.org/W4411925605,https://openalex.org/W4401758100
https://openalex.org/W4411925605,https://openalex.org/W4402233564
https://openalex.org/W4366493057,https://openalex.org/W3156187350
https://openalex.org/W4366493057,https://openalex.org/W4293245110
https://openalex.org/W4306174501,https://openalex.org/W4213126820
https://openalex.org/W4306174501,https://openalex.org/W4214887011
https://openalex.org/W4308973895,https://openalex.org/W3129563346
https://openalex.org/W4308973895,https://openalex.org/W4290516270
https://openalex.org/W4403607835,https://openalex.org/W4280577216
https://openalex.org/W4403607835,https://openalex.org/W4304731562
https://openalex.org/W4403607835,https://openalex.org/W4384263943
https://openalex.org/W4403607835,https://openalex.org/W4389462498
https://openalex.org/W7156966379,https://openalex.org/W3118875409
https://openalex.org/W7156966379,https://openalex.org/W3157065452
https://openalex.org/W7156966379,https://openalex.org/W3193223779
https://openalex.org/W7156966379,https://openalex.org/W3203428752
https://openalex.org/W7156966379,https://openalex.org/W4283750065
https://openalex.org/W7156966379,https://openalex.org/W4318052223
https://openalex.org/W7156966379,https://openalex.org/W4379107271
https://openalex.org/W7156966379,https://openalex.org/W4385345197
https://openalex.org/W7156966379,https://openalex.org/W4403945404
https://openalex.org/W7156966379,https://openalex.org/W4404704060
https://openalex.org/W7156966379,https://openalex.org/W4410596650
https://openalex.org/W4376108389,https://openalex.org/W3126192021
https://openalex.org/W4376108389,https://openalex.org/W3205927750
https://openalex.org/W4376108389,https://openalex.org/W4226142962
https://openalex.org/W4376108389,https://openalex.org/W4283034406
https://openalex.org/W4376108389,https://openalex.org/W4312090027
https://openalex.org/W7164836712,https://openalex.org/W4220685355
https://openalex.org/W7164836712,https://openalex.org/W4293066239
https://openalex.org/W7164836712,https://openalex.org/W4384108682
https://openalex.org/W7164836712,https://openalex.org/W4386189465
https://openalex.org/W7164836712,https://openalex.org/W4390898280
https://openalex.org/W4405768787,https://openalex.org/W4293224316
https://openalex.org/W7167810286,https://openalex.org/W4394905311
https://openalex.org/W7167810286,https://openalex.org/W4401211033
https://openalex.org/W4416076201,https://openalex.org/W3129563346
https://openalex.org/W4416076201,https://openalex.org/W4290516270
https://openalex.org/W4416076201,https://openalex.org/W4391922549
https://openalex.org/W4416076201,https://openalex.org/W4393549560
https://openalex.org/W4416076201,https://openalex.org/W4400210913
https://openalex.org/W7130508234,https://openalex.org/W3127930017
https://openalex.org/W7130508234,https://openalex.org/W4226486894
https://openalex.org/W7130508234,https://openalex.org/W4407904102
https://openalex.org/W4379053774,https://openalex.org/W4221063824
https://openalex.org/W4402630123,https://openalex.org/W4383876504
https://openalex.org/W4402630123,https://openalex.org/W4387393951
https://openalex.org/W4319825929,https://openalex.org/W3127063032
https://openalex.org/W4294190194,https://openalex.org/W3134504082
https://openalex.org/W4294190194,https://openalex.org/W3136709650
https://openalex.org/W4294190194,https://openalex.org/W3163877149
https://openalex.org/W4294190194,https://openalex.org/W3174598621
https://openalex.org/W4294190194,https://openalex.org/W3200952508
https://openalex.org/W4294190194,https://openalex.org/W3201866429
https://openalex.org/W4294190194,https://openalex.org/W4213256330
https://openalex.org/W4294190194,https://openalex.org/W4224327049
https://openalex.org/W4294190194,https://openalex.org/W4283452968
https://openalex.org/W4401158154,https://openalex.org/W3137011944
https://openalex.org/W4401158154,https://openalex.org/W4224294769
https://openalex.org/W4401158154,https://openalex.org/W4386694050
https://openalex.org/W4293851205,https://openalex.org/W3153041417
https://openalex.org/W4378843082,https://openalex.org/W4221140302
https://openalex.org/W4378843082,https://openalex.org/W4310449368
https://openalex.org/W4378843082,https://openalex.org/W4312219141
https://openalex.org/W4378843082,https://openalex.org/W4378842868
https://openalex.org/W4402992411,https://openalex.org/W3174334615
https://openalex.org/W4402992411,https://openalex.org/W4364365533
https://openalex.org/W4402992411,https://openalex.org/W4391322029
https://openalex.org/W4402992411,https://openalex.org/W4398241068
https://openalex.org/W4308798400,https://openalex.org/W3131569705
https://openalex.org/W4308798400,https://openalex.org/W4205711751
https://openalex.org/W4414285015,https://openalex.org/W4289333691
https://openalex.org/W4414285015,https://openalex.org/W4405005881
https://openalex.org/W4386475257,https://openalex.org/W3112618968
https://openalex.org/W4403503616,https://openalex.org/W4206976142
https://openalex.org/W4403503616,https://openalex.org/W4220876558
https://openalex.org/W4406772746,https://openalex.org/W4297996839
https://openalex.org/W4406772746,https://openalex.org/W3216141365
https://openalex.org/W7164847434,https://openalex.org/W3167088720
https://openalex.org/W7164847434,https://openalex.org/W4362459706
https://openalex.org/W7164847434,https://openalex.org/W4379598312
https://openalex.org/W7164847434,https://openalex.org/W4412708467
https://openalex.org/W7167818537,https://openalex.org/W3152494665
https://openalex.org/W7167818537,https://openalex.org/W4322490321
https://openalex.org/W4200354602,https://openalex.org/W3201238766
https://openalex.org/W4388267335,https://openalex.org/W3133263249
https://openalex.org/W4388267335,https://openalex.org/W3182861304
https://openalex.org/W4388267335,https://openalex.org/W4378469150
https://openalex.org/W7214644243,https://openalex.org/W3134504082
https://openalex.org/W7214644243,https://openalex.org/W3136709650
https://openalex.org/W4386572979,https://openalex.org/W3213276340
https://openalex.org/W4386572979,https://openalex.org/W4281667012
https://openalex.org/W4281798741,https://openalex.org/W3134560764
https://openalex.org/W4414583638,https://openalex.org/W4297990866
https://openalex.org/W4414583638,https://openalex.org/W4389625322
https://openalex.org/W4414583638,https://openalex.org/W4392517487
https://openalex.org/W4414583638,https://openalex.org/W4404028948
https://openalex.org/W4414583638,https://openalex.org/W4404169138
https://openalex.org/W4383553880,https://openalex.org/W4229023380
https://openalex.org/W7138863095,https://openalex.org/W4366452046
https://openalex.org/W7138863095,https://openalex.org/W4411590022
https://openalex.org/W4411549198,https://openalex.org/W3143096508
https://openalex.org/W4411549198,https://openalex.org/W4394692905
https://openalex.org/W4313830825,https://openalex.org/W3199268145
https://openalex.org/W4313830825,https://openalex.org/W4281643755
https://openalex.org/W4210294326,https://openalex.org/W4205325466
https://openalex.org/W4396798828,https://openalex.org/W4385516377
https://openalex.org/W4396798828,https://openalex.org/W4385987316
https://openalex.org/W3207011128,https://openalex.org/W3151676492
https://openalex.org/W4389665488,https://openalex.org/W3205028563
https://openalex.org/W4389665488,https://openalex.org/W4306679755
https://openalex.org/W4389665488,https://openalex.org/W4377834411
https://openalex.org/W7212404783,https://openalex.org/W3165714691
https://openalex.org/W4391756438,https://openalex.org/W4378980933
https://openalex.org/W4386323884,https://openalex.org/W4214569849
https://openalex.org/W4385423940,https://openalex.org/W4385462905
https://openalex.org/W4416004103,https://openalex.org/W4393183862
https://openalex.org/W4416004103,https://openalex.org/W4408436354
https://openalex.org/W4416004103,https://openalex.org/W4410040007
https://openalex.org/W4399155037,https://openalex.org/W4382795238
https://openalex.org/W4389387350,https://openalex.org/W3126192021
https://openalex.org/W4389387350,https://openalex.org/W3126268567
https://openalex.org/W4389387350,https://openalex.org/W4226142962
https://openalex.org/W4389387350,https://openalex.org/W4283034406
https://openalex.org/W4389387350,https://openalex.org/W4312090027
https://openalex.org/W4389387350,https://openalex.org/W4376108389
https://openalex.org/W4389387350,https://openalex.org/W4387805023
https://openalex.org/W4407760001,https://openalex.org/W4283803434
https://openalex.org/W4407760001,https://openalex.org/W4391273012
https://openalex.org/W4407760001,https://openalex.org/W4383102915
https://openalex.org/W4407760001,https://openalex.org/W3112618968
https://openalex.org/W4407760001,https://openalex.org/W4394905311
https://openalex.org/W4407760001,https://openalex.org/W3178960719
https://openalex.org/W4416462314,https://openalex.org/W4399238266
https://openalex.org/W4416462314,https://openalex.org/W4402599931
https://openalex.org/W4416462314,https://openalex.org/W4403647166
https://openalex.org/W4389475082,https://openalex.org/W4298008635
https://openalex.org/W4389475082,https://openalex.org/W4380685770
https://openalex.org/W4304758149,https://openalex.org/W3178664441
https://openalex.org/W4304758149,https://openalex.org/W4282928318
https://openalex.org/W4404956796,https://openalex.org/W4210301269
https://openalex.org/W4404956796,https://openalex.org/W4401184074
https://openalex.org/W4400970781,https://openalex.org/W4388460435
https://openalex.org/W4400970781,https://openalex.org/W4393158278
https://openalex.org/W4296519206,https://openalex.org/W3131185752
https://openalex.org/W4296519206,https://openalex.org/W3193323137
https://openalex.org/W4388694194,https://openalex.org/W3211138370
https://openalex.org/W7128472453,https://openalex.org/W4292452314
https://openalex.org/W7128472453,https://openalex.org/W4403965451
https://openalex.org/W4408885078,https://openalex.org/W4293374784
https://openalex.org/W4408885078,https://openalex.org/W4405493375
https://openalex.org/W4398777118,https://openalex.org/W4295800149
https://openalex.org/W4398777118,https://openalex.org/W4360939367
https://openalex.org/W4398777118,https://openalex.org/W4366292783
https://openalex.org/W4398777118,https://openalex.org/W4391026758
https://openalex.org/W4398777118,https://openalex.org/W4394754131
https://openalex.org/W4308638534,https://openalex.org/W4308638534
https://openalex.org/W4403730240,https://openalex.org/W4376870089
https://openalex.org/W4403730240,https://openalex.org/W4396596015
https://openalex.org/W3154531344,https://openalex.org/W3115202110
https://openalex.org/W4400560825,https://openalex.org/W3174721530
https://openalex.org/W4400560825,https://openalex.org/W3214683409
https://openalex.org/W4400560825,https://openalex.org/W4210817659
https://openalex.org/W4400560825,https://openalex.org/W4304889418
https://openalex.org/W4400560825,https://openalex.org/W4310648975
https://openalex.org/W4400560825,https://openalex.org/W4322775420
https://openalex.org/W4400560825,https://openalex.org/W4367844043
https://openalex.org/W4400560825,https://openalex.org/W4391680891
https://openalex.org/W4400560825,https://openalex.org/W4396820246
https://openalex.org/W4413915444,https://openalex.org/W2963002078
https://openalex.org/W4413915444,https://openalex.org/W4312108281
https://openalex.org/W4413915444,https://openalex.org/W4409000967
https://openalex.org/W4413915444,https://openalex.org/W4411269365
https://openalex.org/W4413915444,https://openalex.org/W4412611598
https://openalex.org/W4399163026,https://openalex.org/W4306950834
https://openalex.org/W4416977684,https://openalex.org/W3090767258
https://openalex.org/W4416977684,https://openalex.org/W4379647637
https://openalex.org/W4416977684,https://openalex.org/W4387613311
https://openalex.org/W4402193271,https://openalex.org/W4402193271
https://openalex.org/W3200644477,https://openalex.org/W2911257994
https://openalex.org/W3200644477,https://openalex.org/W4390011426
https://openalex.org/W4226438710,https://openalex.org/W3207283622
https://openalex.org/W3178111169,https://openalex.org/W3118554780
https://openalex.org/W4297997244,https://openalex.org/W4205325466
https://openalex.org/W4297997244,https://openalex.org/W4210294326
https://openalex.org/W4312093661,https://openalex.org/W3198535020
https://openalex.org/W4312093661,https://openalex.org/W4229002009
https://openalex.org/W4415528857,https://openalex.org/W4308482096
https://openalex.org/W4415528857,https://openalex.org/W4391134088
https://openalex.org/W4392286594,https://openalex.org/W4379880744
https://openalex.org/W4389722529,https://openalex.org/W4284898111
https://openalex.org/W4389722529,https://openalex.org/W4361029949
https://openalex.org/W4389722529,https://openalex.org/W4378843082
https://openalex.org/W7160259901,https://openalex.org/W4205915457
https://openalex.org/W7160259901,https://openalex.org/W4210899447
https://openalex.org/W7160259901,https://openalex.org/W4281997791
https://openalex.org/W4416016756,https://openalex.org/W4385270506
https://openalex.org/W4416016756,https://openalex.org/W4401863389
https://openalex.org/W4416016756,https://openalex.org/W4404181019
https://openalex.org/W4416016756,https://openalex.org/W4409158403
https://openalex.org/W4416016756,https://openalex.org/W4412876917
https://openalex.org/W4416016756,https://openalex.org/W4412886869
https://openalex.org/W4406157417,https://openalex.org/W4390941520
https://openalex.org/W4406157417,https://openalex.org/W4399804170
https://openalex.org/W4406157417,https://openalex.org/W4400739153
https://openalex.org/W4406157417,https://openalex.org/W4403594473
https://openalex.org/W7133756843,https://openalex.org/W4224292783
https://openalex.org/W3123173603,https://openalex.org/W3119125141
https://openalex.org/W7215055049,https://openalex.org/W3172074467
https://openalex.org/W7215055049,https://openalex.org/W4221094327
https://openalex.org/W3199695806,https://openalex.org/W3133844370
https://openalex.org/W4281964852,https://openalex.org/W3158056127
https://openalex.org/W4318949503,https://openalex.org/W3209468839
https://openalex.org/W7135055216,https://openalex.org/W4200331843
https://openalex.org/W4413020808,https://openalex.org/W4401215029
https://openalex.org/W4206071013,https://openalex.org/W3181562686
https://openalex.org/W7160526133,https://openalex.org/W4399485326
https://openalex.org/W7160526133,https://openalex.org/W4414117855
https://openalex.org/W7204831663,https://openalex.org/W4403944099
https://openalex.org/W4386029291,https://openalex.org/W4366219966
https://openalex.org/W4386029291,https://openalex.org/W4388725593
https://openalex.org/W4384158231,https://openalex.org/W4306153404
https://openalex.org/W4384158231,https://openalex.org/W4312094059
https://openalex.org/W4384158231,https://openalex.org/W4313511901
https://openalex.org/W4384158231,https://openalex.org/W4315698902
https://openalex.org/W4384158231,https://openalex.org/W4321182794
https://openalex.org/W4384158231,https://openalex.org/W4366250294
https://openalex.org/W4384158231,https://openalex.org/W4366259393
https://openalex.org/W4384158231,https://openalex.org/W4386072274
https://openalex.org/W7167793203,https://openalex.org/W7133953810
https://openalex.org/W4378716498,https://openalex.org/W4311871533
https://openalex.org/W4378716498,https://openalex.org/W4323842700
https://openalex.org/W4399318658,https://openalex.org/W4221002349
https://openalex.org/W7168356613,https://openalex.org/W4382400728
https://openalex.org/W7168356613,https://openalex.org/W4389100835
https://openalex.org/W7168356613,https://openalex.org/W4409183638
https://openalex.org/W7168356613,https://openalex.org/W7117467472
https://openalex.org/W4380201731,https://openalex.org/W3199695806
https://openalex.org/W4200241157,https://openalex.org/W3127288993
https://openalex.org/W4223451023,https://openalex.org/W3156823378
https://openalex.org/W4223451023,https://openalex.org/W3181777454
https://openalex.org/W4223451023,https://openalex.org/W3217754174
https://openalex.org/W4223451023,https://openalex.org/W4200047907
https://openalex.org/W4386467021,https://openalex.org/W4280603289
https://openalex.org/W7164153989,https://openalex.org/W4220859934
https://openalex.org/W7164153989,https://openalex.org/W4396530272
https://openalex.org/W3202949964,https://openalex.org/W3108746647
https://openalex.org/W3202949964,https://openalex.org/W3118887992
https://openalex.org/W4406027473,https://openalex.org/W4313332880
https://openalex.org/W4414083707,https://openalex.org/W4391613609
https://openalex.org/W4411046150,https://openalex.org/W4362554019
https://openalex.org/W4411046150,https://openalex.org/W4379209248
https://openalex.org/W4295969304,https://openalex.org/W3155813015
https://openalex.org/W4398235792,https://openalex.org/W4313594150
https://openalex.org/W4398235792,https://openalex.org/W4390414973
https://openalex.org/W4402525269,https://openalex.org/W3034663305
https://openalex.org/W4402525269,https://openalex.org/W4206228426
https://openalex.org/W7116966581,https://openalex.org/W4411184304
https://openalex.org/W7116966581,https://openalex.org/W4412732678
https://openalex.org/W4403131565,https://openalex.org/W3003602738
https://openalex.org/W4403131565,https://openalex.org/W3162450672
https://openalex.org/W4403131565,https://openalex.org/W3164999091
https://openalex.org/W4403131565,https://openalex.org/W4366977339
https://openalex.org/W4293872266,https://openalex.org/W3129892326
https://openalex.org/W4293872266,https://openalex.org/W4200031282
https://openalex.org/W4293872266,https://openalex.org/W4220702467
https://openalex.org/W4382364266,https://openalex.org/W3181300103
https://openalex.org/W4293036416,https://openalex.org/W3118875409
https://openalex.org/W4293036416,https://openalex.org/W3193223779
https://openalex.org/W4293036416,https://openalex.org/W3201203265
https://openalex.org/W4293036416,https://openalex.org/W4283750065
https://openalex.org/W4386640424,https://openalex.org/W3201527056
https://openalex.org/W4386640424,https://openalex.org/W4281630196
https://openalex.org/W4402533933,https://openalex.org/W4283205847
https://openalex.org/W4309358464,https://openalex.org/W3122795031
https://openalex.org/W4309358464,https://openalex.org/W4205691153
https://openalex.org/W4309358464,https://openalex.org/W4296194542
https://openalex.org/W4387624642,https://openalex.org/W3135003973
https://openalex.org/W4391239480,https://openalex.org/W4391239480
https://openalex.org/W4387199899,https://openalex.org/W4297374041
https://openalex.org/W4387199899,https://openalex.org/W4312090027
https://openalex.org/W4387199899,https://openalex.org/W4367060096
https://openalex.org/W4408845890,https://openalex.org/W3201244245
https://openalex.org/W4408845890,https://openalex.org/W4392506286
https://openalex.org/W4394872268,https://openalex.org/W3112618968
https://openalex.org/W4394872268,https://openalex.org/W3131624221
https://openalex.org/W4394872268,https://openalex.org/W3178960719
https://openalex.org/W7155351132,https://openalex.org/W3112618968
https://openalex.org/W7155351132,https://openalex.org/W3135436087
https://openalex.org/W7155351132,https://openalex.org/W3178960719
https://openalex.org/W7155351132,https://openalex.org/W4200272228
https://openalex.org/W7155351132,https://openalex.org/W4205217932
https://openalex.org/W7155351132,https://openalex.org/W4221161568
https://openalex.org/W7155351132,https://openalex.org/W4280519303
https://openalex.org/W7155351132,https://openalex.org/W4383620425
https://openalex.org/W7155351132,https://openalex.org/W4394905311
https://openalex.org/W7155351132,https://openalex.org/W4403603305
https://openalex.org/W7155351132,https://openalex.org/W4408918360
https://openalex.org/W4317693652,https://openalex.org/W4289544762
https://openalex.org/W4317693652,https://openalex.org/W4317693652
https://openalex.org/W4396578189,https://openalex.org/W3141744159
https://openalex.org/W4396578189,https://openalex.org/W4378834387
https://openalex.org/W4413387967,https://openalex.org/W4402170856
https://openalex.org/W4312192568,https://openalex.org/W3165326852
https://openalex.org/W4312192568,https://openalex.org/W4304823292
https://openalex.org/W4412834755,https://openalex.org/W3134195618
https://openalex.org/W4412834755,https://openalex.org/W3177664440
https://openalex.org/W4412834755,https://openalex.org/W3177751482
https://openalex.org/W4412834755,https://openalex.org/W4220913901
https://openalex.org/W4412834755,https://openalex.org/W4289518974
https://openalex.org/W4412834755,https://openalex.org/W4311419502
https://openalex.org/W4412834755,https://openalex.org/W4372354924
https://openalex.org/W4412834755,https://openalex.org/W4384937691
https://openalex.org/W4412834755,https://openalex.org/W4386026206
https://openalex.org/W4412834755,https://openalex.org/W4399861769
https://openalex.org/W4401419829,https://openalex.org/W4286278604
https://openalex.org/W4319318648,https://openalex.org/W4293213756
https://openalex.org/W3188942146,https://openalex.org/W3119999801
https://openalex.org/W4390987253,https://openalex.org/W3203669300
https://openalex.org/W4390987253,https://openalex.org/W4311399755
https://openalex.org/W4411551711,https://openalex.org/W4284899330
https://openalex.org/W4411551711,https://openalex.org/W4310501965
https://openalex.org/W4411551711,https://openalex.org/W4387885801
https://openalex.org/W4411551711,https://openalex.org/W4396598623
https://openalex.org/W4411551711,https://openalex.org/W4400945529
https://openalex.org/W4405177765,https://openalex.org/W4376108389
https://openalex.org/W4405177765,https://openalex.org/W4387805023
https://openalex.org/W4405177765,https://openalex.org/W4389387350
https://openalex.org/W4232934515,https://openalex.org/W3157093756
https://openalex.org/W4232934515,https://openalex.org/W3158469772
https://openalex.org/W4308309080,https://openalex.org/W3124297876
https://openalex.org/W4308309080,https://openalex.org/W3158744777
https://openalex.org/W4308309080,https://openalex.org/W3213976245
https://openalex.org/W4402297735,https://openalex.org/W4390329579
https://openalex.org/W4401724551,https://openalex.org/W4401858468
https://openalex.org/W3209823694,https://openalex.org/W3209823694
https://openalex.org/W3203785326,https://openalex.org/W3136155973
https://openalex.org/W3203785326,https://openalex.org/W3199643928
https://openalex.org/W4399642111,https://openalex.org/W4388039745
https://openalex.org/W7142718748,https://openalex.org/W4366827729
https://openalex.org/W7142718748,https://openalex.org/W4388441694
https://openalex.org/W7142718748,https://openalex.org/W4407945625
https://openalex.org/W7142718748,https://openalex.org/W4410361835
https://openalex.org/W7142718748,https://openalex.org/W4410873943
https://openalex.org/W7160696127,https://openalex.org/W4224239358
https://openalex.org/W7160696127,https://openalex.org/W4287958790
https://openalex.org/W7160696127,https://openalex.org/W4292794441
https://openalex.org/W7160696127,https://openalex.org/W4409355380
https://openalex.org/W7160696127,https://openalex.org/W7127649394
https://openalex.org/W4400509850,https://openalex.org/W4367053527
https://openalex.org/W4417169173,https://openalex.org/W4386159596
https://openalex.org/W4400663506,https://openalex.org/W3176852009
https://openalex.org/W4400663506,https://openalex.org/W4205904032
https://openalex.org/W4400663506,https://openalex.org/W4206484652
https://openalex.org/W4400663506,https://openalex.org/W4324122179
https://openalex.org/W4400663506,https://openalex.org/W4376610950
https://openalex.org/W4400663506,https://openalex.org/W4391146671
https://openalex.org/W7165362099,https://openalex.org/W3201866429
https://openalex.org/W7165362099,https://openalex.org/W4372780904
https://openalex.org/W7165362099,https://openalex.org/W4406444762
https://openalex.org/W7165362099,https://openalex.org/W4409488408
https://openalex.org/W4304203071,https://openalex.org/W3136922489
https://openalex.org/W4304203071,https://openalex.org/W3178665385
https://openalex.org/W4304203071,https://openalex.org/W3210080223
https://openalex.org/W4304203071,https://openalex.org/W4210528561
https://openalex.org/W4304203071,https://openalex.org/W4281259703
https://openalex.org/W4382021612,https://openalex.org/W4283767955
https://openalex.org/W4391176808,https://openalex.org/W4319788392
https://openalex.org/W4220835454,https://openalex.org/W3179180384
https://openalex.org/W4220835454,https://openalex.org/W3215183721
https://openalex.org/W4394927536,https://openalex.org/W4387670116
https://openalex.org/W4386449012,https://openalex.org/W3143807503
https://openalex.org/W4386449012,https://openalex.org/W4386449012
https://openalex.org/W3214280582,https://openalex.org/W3126627207
https://openalex.org/W3214280582,https://openalex.org/W3135123986
https://openalex.org/W4324027287,https://openalex.org/W4221048977
https://openalex.org/W4319595304,https://openalex.org/W4312790323
https://openalex.org/W4229002009,https://openalex.org/W3188985572
https://openalex.org/W4229002009,https://openalex.org/W3197464514
https://openalex.org/W4229002009,https://openalex.org/W3198535020
https://openalex.org/W7132817410,https://openalex.org/W4407252138
https://openalex.org/W3148058960,https://openalex.org/W3199284718
https://openalex.org/W4280625721,https://openalex.org/W3130682775
https://openalex.org/W4280625721,https://openalex.org/W3216473121
https://openalex.org/W4390791475,https://openalex.org/W3213506527
https://openalex.org/W4390791475,https://openalex.org/W4210376676
https://openalex.org/W4390791475,https://openalex.org/W4390791475
https://openalex.org/W4411927193,https://openalex.org/W4399120416
https://openalex.org/W4411927193,https://openalex.org/W4402713923
https://openalex.org/W4387128425,https://openalex.org/W3185232196
https://openalex.org/W4387128425,https://openalex.org/W4224290633
https://openalex.org/W7170069086,https://openalex.org/W4409536606
https://openalex.org/W7201851419,https://openalex.org/W3168359365
https://openalex.org/W7201851419,https://openalex.org/W4396641340
https://openalex.org/W7201851419,https://openalex.org/W4396808380
https://openalex.org/W7201851419,https://openalex.org/W4413121720
https://openalex.org/W7201851419,https://openalex.org/W7163141458
https://openalex.org/W4391179737,https://openalex.org/W4385332751
https://openalex.org/W7155366347,https://openalex.org/W4389132940
https://openalex.org/W7155366347,https://openalex.org/W4394765059
https://openalex.org/W4396882533,https://openalex.org/W2963002078
https://openalex.org/W4396882533,https://openalex.org/W3109675964
https://openalex.org/W4396882533,https://openalex.org/W3112618968
https://openalex.org/W4396882533,https://openalex.org/W3135045610
https://openalex.org/W4396882533,https://openalex.org/W3178960719
https://openalex.org/W4396882533,https://openalex.org/W4283803434
https://openalex.org/W4396882533,https://openalex.org/W4292249925
https://openalex.org/W4396882533,https://openalex.org/W4385259606
https://openalex.org/W4396882533,https://openalex.org/W4391273012
https://openalex.org/W4410497564,https://openalex.org/W4214895181
https://openalex.org/W4410497564,https://openalex.org/W4224309308
https://openalex.org/W4408823698,https://openalex.org/W4322632311
https://openalex.org/W4281706200,https://openalex.org/W3167273253
https://openalex.org/W4281706200,https://openalex.org/W3199284718
https://openalex.org/W4281706200,https://openalex.org/W4206981424
https://openalex.org/W4407872295,https://openalex.org/W3182999811
https://openalex.org/W4407872295,https://openalex.org/W4205880340
https://openalex.org/W4407872295,https://openalex.org/W4296119666
https://openalex.org/W4292372336,https://openalex.org/W3166296073
https://openalex.org/W4400079173,https://openalex.org/W3143996635
https://openalex.org/W4400079173,https://openalex.org/W3210367424
https://openalex.org/W4400079173,https://openalex.org/W4366351954
https://openalex.org/W4378219875,https://openalex.org/W3126627207
https://openalex.org/W4378219875,https://openalex.org/W3136002517
https://openalex.org/W4378219875,https://openalex.org/W4310343048
https://openalex.org/W7124470170,https://openalex.org/W4392658650
https://openalex.org/W3208688504,https://openalex.org/W4242451804
https://openalex.org/W4402470569,https://openalex.org/W4380876077
https://openalex.org/W4402470569,https://openalex.org/W4391150873
https://openalex.org/W4388039745,https://openalex.org/W3156248256
https://openalex.org/W4388039745,https://openalex.org/W3170614875
https://openalex.org/W4388039745,https://openalex.org/W4205200589
https://openalex.org/W4388039745,https://openalex.org/W4221012648
https://openalex.org/W4388039745,https://openalex.org/W4221014108
https://openalex.org/W4388039745,https://openalex.org/W4291002327
https://openalex.org/W4388039745,https://openalex.org/W4292493518
https://openalex.org/W4388039745,https://openalex.org/W4320524423
https://openalex.org/W3186803347,https://openalex.org/W3186803347
https://openalex.org/W4328110954,https://openalex.org/W2990187828
https://openalex.org/W4328110954,https://openalex.org/W3122929861
https://openalex.org/W4328110954,https://openalex.org/W4200450154
https://openalex.org/W4392084938,https://openalex.org/W4220847391
https://openalex.org/W4392084938,https://openalex.org/W4322502928
https://openalex.org/W4389789504,https://openalex.org/W3126627207
https://openalex.org/W4389789504,https://openalex.org/W3164892751
https://openalex.org/W4389789504,https://openalex.org/W3174932466
https://openalex.org/W4389789504,https://openalex.org/W4284958937
https://openalex.org/W4389789504,https://openalex.org/W4285594379
https://openalex.org/W4389789504,https://openalex.org/W4298126387
https://openalex.org/W7117986709,https://openalex.org/W4285731767
https://openalex.org/W7119502747,https://openalex.org/W3124269465
https://openalex.org/W4389246780,https://openalex.org/W4281897038
https://openalex.org/W4406228098,https://openalex.org/W4319791717
https://openalex.org/W4386367553,https://openalex.org/W3101000142
https://openalex.org/W4386367553,https://openalex.org/W3101571101
https://openalex.org/W4386367553,https://openalex.org/W3112618968
https://openalex.org/W4386367553,https://openalex.org/W3178960719
https://openalex.org/W4386367553,https://openalex.org/W3184286726
https://openalex.org/W4386367553,https://openalex.org/W4220924807
https://openalex.org/W4386367553,https://openalex.org/W4285371578
https://openalex.org/W4386367553,https://openalex.org/W4317500703
https://openalex.org/W4303199843,https://openalex.org/W3157791229
https://openalex.org/W4317583840,https://openalex.org/W3181562686
https://openalex.org/W7172289837,https://openalex.org/W3135793359
https://openalex.org/W7147172507,https://openalex.org/W3188496752
https://openalex.org/W7147172507,https://openalex.org/W4388339844
https://openalex.org/W7212252190,https://openalex.org/W4396641340
https://openalex.org/W7212252190,https://openalex.org/W4396808380
https://openalex.org/W7212252190,https://openalex.org/W4406906829
https://openalex.org/W7212252190,https://openalex.org/W4413121720
https://openalex.org/W7212252190,https://openalex.org/W7163141458
https://openalex.org/W7212252190,https://openalex.org/W7169845212
https://openalex.org/W7212252190,https://openalex.org/W7207807722
https://openalex.org/W4417448807,https://openalex.org/W4210739501
https://openalex.org/W4388491559,https://openalex.org/W3163730956
https://openalex.org/W4405555875,https://openalex.org/W4398160111
https://openalex.org/W4389607765,https://openalex.org/W4281254186
https://openalex.org/W4389607765,https://openalex.org/W4318455133
https://openalex.org/W7124600468,https://openalex.org/W3167088720
https://openalex.org/W7124600468,https://openalex.org/W3208775295
https://openalex.org/W7124600468,https://openalex.org/W3210032307
https://openalex.org/W7124600468,https://openalex.org/W4210737025
https://openalex.org/W7124600468,https://openalex.org/W4220702467
https://openalex.org/W7124600468,https://openalex.org/W4362459706
https://openalex.org/W7124600468,https://openalex.org/W4410861896
https://openalex.org/W4376131020,https://openalex.org/W4312684773
https://openalex.org/W4317928157,https://openalex.org/W4316116655
https://openalex.org/W4317928157,https://openalex.org/W4320059739
https://openalex.org/W4224981546,https://openalex.org/W3178960719
https://openalex.org/W4224981546,https://openalex.org/W3216294176
https://openalex.org/W4206142808,https://openalex.org/W3153626527
https://openalex.org/W4281671840,https://openalex.org/W3134314150
https://openalex.org/W4414168057,https://openalex.org/W4205725188
https://openalex.org/W4414168057,https://openalex.org/W4223604614
https://openalex.org/W4414168057,https://openalex.org/W4396929544
https://openalex.org/W4414168057,https://openalex.org/W4413257889
https://openalex.org/W4414168057,https://openalex.org/W4413258241
https://openalex.org/W4414168057,https://openalex.org/W4413298956
https://openalex.org/W4378843264,https://openalex.org/W4225357251
https://openalex.org/W4378843264,https://openalex.org/W4225707769
https://openalex.org/W4378843264,https://openalex.org/W4280548104
https://openalex.org/W4377692528,https://openalex.org/W4220888675
https://openalex.org/W3200238241,https://openalex.org/W3157456029
https://openalex.org/W4398781871,https://openalex.org/W4392920200
https://openalex.org/W4411793800,https://openalex.org/W4311679888
https://openalex.org/W4411793800,https://openalex.org/W4361304792
https://openalex.org/W4411793800,https://openalex.org/W4403982848
https://openalex.org/W7165573556,https://openalex.org/W4409015780
https://openalex.org/W7212281436,https://openalex.org/W4410138760
https://openalex.org/W7212553244,https://openalex.org/W4412876917
https://openalex.org/W7212553244,https://openalex.org/W4416016756
https://openalex.org/W4317831006,https://openalex.org/W3153626527
https://openalex.org/W4317831006,https://openalex.org/W3185980134
https://openalex.org/W4317831006,https://openalex.org/W4206197282
https://openalex.org/W4317831006,https://openalex.org/W4226087386
https://openalex.org/W4415047766,https://openalex.org/W4386073173
https://openalex.org/W3182953752,https://openalex.org/W3179180384
https://openalex.org/W4313475740,https://openalex.org/W3156706387
https://openalex.org/W4313475740,https://openalex.org/W4205511979
https://openalex.org/W4404626323,https://openalex.org/W4313680179
https://openalex.org/W4404626323,https://openalex.org/W4399561985
https://openalex.org/W4404626323,https://openalex.org/W4400883379
https://openalex.org/W4404626323,https://openalex.org/W4401739447
https://openalex.org/W4402531632,https://openalex.org/W4285135715
https://openalex.org/W4402531632,https://openalex.org/W4379209248
https://openalex.org/W4402531632,https://openalex.org/W4392158813
https://openalex.org/W4402531632,https://openalex.org/W4400108661
https://openalex.org/W4415601912,https://openalex.org/W4297499082
https://openalex.org/W4379660340,https://openalex.org/W3133511895
https://openalex.org/W4412072691,https://openalex.org/W4401211033
https://openalex.org/W4389115081,https://openalex.org/W4285403843
https://openalex.org/W4391591341,https://openalex.org/W3178960719
https://openalex.org/W4391591341,https://openalex.org/W3205009510
https://openalex.org/W4391591341,https://openalex.org/W4200571609
https://openalex.org/W3174307797,https://openalex.org/W3160264158
https://openalex.org/W4400099314,https://openalex.org/W4214715621
https://openalex.org/W4400099314,https://openalex.org/W4386136183
https://openalex.org/W4385306064,https://openalex.org/W3214887515
https://openalex.org/W4416963264,https://openalex.org/W4401109544
https://openalex.org/W7151437989,https://openalex.org/W4293282489
https://openalex.org/W4377089095,https://openalex.org/W3214399682
https://openalex.org/W4377089095,https://openalex.org/W4205904032
https://openalex.org/W7154595698,https://openalex.org/W4377143085
https://openalex.org/W4388414460,https://openalex.org/W3119738836
https://openalex.org/W4388414460,https://openalex.org/W3138990775
https://openalex.org/W4388414460,https://openalex.org/W4283015625
https://openalex.org/W4294579974,https://openalex.org/W3119671729
https://openalex.org/W4294579974,https://openalex.org/W4294579974
https://openalex.org/W4417267438,https://openalex.org/W4288034651
https://openalex.org/W4417267438,https://openalex.org/W4316036022
https://openalex.org/W4281259703,https://openalex.org/W3178665385
https://openalex.org/W4410397842,https://openalex.org/W3126627207
https://openalex.org/W4410397842,https://openalex.org/W3197136278
https://openalex.org/W4410397842,https://openalex.org/W4298126387
https://openalex.org/W4410397842,https://openalex.org/W4389789504
https://openalex.org/W4410397842,https://openalex.org/W4392221682
https://openalex.org/W4410397842,https://openalex.org/W4400609460
https://openalex.org/W4410397842,https://openalex.org/W4401053728
https://openalex.org/W4410397842,https://openalex.org/W4403253117
https://openalex.org/W4207024314,https://openalex.org/W3158834634
https://openalex.org/W4207024314,https://openalex.org/W3169909418
https://openalex.org/W4207024314,https://openalex.org/W3206212349
https://openalex.org/W4207024314,https://openalex.org/W4205799335
https://openalex.org/W4408291298,https://openalex.org/W3177117301
https://openalex.org/W4408291298,https://openalex.org/W3180468909
https://openalex.org/W4408291298,https://openalex.org/W4200437223
https://openalex.org/W4408291298,https://openalex.org/W4405188151
https://openalex.org/W4408291298,https://openalex.org/W4405892128
https://openalex.org/W4283071033,https://openalex.org/W3127063032
https://openalex.org/W4283071033,https://openalex.org/W3134148631
https://openalex.org/W4283071033,https://openalex.org/W3185053343
https://openalex.org/W4283071033,https://openalex.org/W4283071033
https://openalex.org/W7204448874,https://openalex.org/W4205200589
https://openalex.org/W7204448874,https://openalex.org/W4291002327
https://openalex.org/W7167816675,https://openalex.org/W4283208926
https://openalex.org/W4412830001,https://openalex.org/W3142541816
https://openalex.org/W4412830001,https://openalex.org/W4293792601
https://openalex.org/W4324149948,https://openalex.org/W4213428903
https://openalex.org/W4381051079,https://openalex.org/W4284965177
https://openalex.org/W4391591629,https://openalex.org/W4390889423
https://openalex.org/W4388901662,https://openalex.org/W3120784776
https://openalex.org/W4388901662,https://openalex.org/W3135010812
https://openalex.org/W4388901662,https://openalex.org/W4200157778
https://openalex.org/W4388901662,https://openalex.org/W4312645560
https://openalex.org/W4388901662,https://openalex.org/W4317743656
https://openalex.org/W4388901662,https://openalex.org/W4361853982
https://openalex.org/W4388901662,https://openalex.org/W4379878414
https://openalex.org/W4399226339,https://openalex.org/W3127434288
https://openalex.org/W4399226339,https://openalex.org/W4321376303
https://openalex.org/W7166520274,https://openalex.org/W3157279999
https://openalex.org/W4323687959,https://openalex.org/W3125762071
https://openalex.org/W4323687959,https://openalex.org/W3128623005
https://openalex.org/W4323687959,https://openalex.org/W3155818854
https://openalex.org/W4323687959,https://openalex.org/W3160228726
https://openalex.org/W4323687959,https://openalex.org/W4306399518
https://openalex.org/W4323687959,https://openalex.org/W4307139766
https://openalex.org/W3206345217,https://openalex.org/W2108143836
https://openalex.org/W3201388239,https://openalex.org/W3164811361
https://openalex.org/W4214894353,https://openalex.org/W3160314057
https://openalex.org/W4417503777,https://openalex.org/W3175701282
https://openalex.org/W4405055615,https://openalex.org/W3158177270
https://openalex.org/W4405055615,https://openalex.org/W3198697586
https://openalex.org/W4405055615,https://openalex.org/W4200522072
https://openalex.org/W4405055615,https://openalex.org/W4392715968
https://openalex.org/W4290928564,https://openalex.org/W4294712499
https://openalex.org/W4399201444,https://openalex.org/W4367044411
https://openalex.org/W4414083131,https://openalex.org/W3112618968
https://openalex.org/W4414083131,https://openalex.org/W3130715910
https://openalex.org/W4414083131,https://openalex.org/W3178960719
https://openalex.org/W4414083131,https://openalex.org/W3215123559
https://openalex.org/W4414083131,https://openalex.org/W4361865415
https://openalex.org/W4414083131,https://openalex.org/W4401211033
https://openalex.org/W4392817764,https://openalex.org/W4221150016
https://openalex.org/W4392817764,https://openalex.org/W4297996839
https://openalex.org/W4396895187,https://openalex.org/W4387598646
https://openalex.org/W4396244289,https://openalex.org/W2963002078
https://openalex.org/W4396244289,https://openalex.org/W3112618968
https://openalex.org/W4396244289,https://openalex.org/W3178960719
https://openalex.org/W4405523416,https://openalex.org/W3151634233
https://openalex.org/W4405523416,https://openalex.org/W3168917506
https://openalex.org/W7202077960,https://openalex.org/W3112618968
https://openalex.org/W7202077960,https://openalex.org/W4220924807
https://openalex.org/W7202077960,https://openalex.org/W4317500703
https://openalex.org/W7202077960,https://openalex.org/W4383817520
https://openalex.org/W7202077960,https://openalex.org/W4390049449
https://openalex.org/W7202077960,https://openalex.org/W4400376858
https://openalex.org/W7202077960,https://openalex.org/W4401211033
https://openalex.org/W4372403680,https://openalex.org/W3127625155
https://openalex.org/W4372403680,https://openalex.org/W3160643592
https://openalex.org/W4408716234,https://openalex.org/W3200154406
https://openalex.org/W4408716234,https://openalex.org/W4365563289
https://openalex.org/W4408716234,https://openalex.org/W4385603877
https://openalex.org/W4408716234,https://openalex.org/W4401041972
https://openalex.org/W4383739206,https://openalex.org/W3167585398
https://openalex.org/W4386741806,https://openalex.org/W3204462302
https://openalex.org/W4386741806,https://openalex.org/W4226083552
https://openalex.org/W4386741806,https://openalex.org/W4307676185
https://openalex.org/W4386741806,https://openalex.org/W4308954783
https://openalex.org/W4386741806,https://openalex.org/W4312038990
https://openalex.org/W4386741806,https://openalex.org/W4386741806
https://openalex.org/W4401009495,https://openalex.org/W3182279934
https://openalex.org/W4401009495,https://openalex.org/W4289518974
https://openalex.org/W4401009495,https://openalex.org/W4380324054
https://openalex.org/W4408414524,https://openalex.org/W3134314150
https://openalex.org/W4408414524,https://openalex.org/W4281661809
https://openalex.org/W4408414524,https://openalex.org/W4283793747
https://openalex.org/W4408414524,https://openalex.org/W4312094454
https://openalex.org/W4408414524,https://openalex.org/W4317677430
https://openalex.org/W4408414524,https://openalex.org/W4366134155
https://openalex.org/W4408414524,https://openalex.org/W4385741065
https://openalex.org/W4408414524,https://openalex.org/W4387443097
https://openalex.org/W7163661672,https://openalex.org/W4292998972
https://openalex.org/W7163661672,https://openalex.org/W4313294959
https://openalex.org/W7163661672,https://openalex.org/W7128923844
https://openalex.org/W4387934324,https://openalex.org/W3154271442
https://openalex.org/W4387934324,https://openalex.org/W4306850563
https://openalex.org/W4383500612,https://openalex.org/W3205944703
https://openalex.org/W4383500612,https://openalex.org/W4297018231
https://openalex.org/W4323362912,https://openalex.org/W4232237566
https://openalex.org/W4401053490,https://openalex.org/W4295800149
https://openalex.org/W4401053490,https://openalex.org/W4366292783
https://openalex.org/W4401053490,https://openalex.org/W4391026758
https://openalex.org/W4401053490,https://openalex.org/W4394754131
https://openalex.org/W4401053490,https://openalex.org/W4398777118
https://openalex.org/W4413327038,https://openalex.org/W4387122519
https://openalex.org/W4413327038,https://openalex.org/W4395007110
https://openalex.org/W4413327038,https://openalex.org/W4399293302
https://openalex.org/W7162955512,https://openalex.org/W4304996631
https://openalex.org/W7162955512,https://openalex.org/W4365563289
https://openalex.org/W7162955512,https://openalex.org/W4376629381
https://openalex.org/W7162955512,https://openalex.org/W4408349198
https://openalex.org/W4404044139,https://openalex.org/W4313546498
https://openalex.org/W3212635500,https://openalex.org/W3108723356
https://openalex.org/W3212635500,https://openalex.org/W3134040239
https://openalex.org/W4417268437,https://openalex.org/W4293569752
https://openalex.org/W4409471506,https://openalex.org/W4292998972
https://openalex.org/W4409471506,https://openalex.org/W4313294959
https://openalex.org/W4414838696,https://openalex.org/W4380994493
https://openalex.org/W4414838696,https://openalex.org/W4386588725
https://openalex.org/W4414838696,https://openalex.org/W4399804170
https://openalex.org/W4414838696,https://openalex.org/W4406157736
https://openalex.org/W4414838696,https://openalex.org/W4410364351
https://openalex.org/W7165561485,https://openalex.org/W4295034883
https://openalex.org/W7165561485,https://openalex.org/W4378418204
https://openalex.org/W7165561485,https://openalex.org/W4401560296
https://openalex.org/W7152492146,https://openalex.org/W3137011944
https://openalex.org/W7152492146,https://openalex.org/W4224294769
https://openalex.org/W7152492146,https://openalex.org/W4386694050
https://openalex.org/W7152492146,https://openalex.org/W4408866252
https://openalex.org/W4383558567,https://openalex.org/W3212635500
https://openalex.org/W4383558567,https://openalex.org/W4292379602
https://openalex.org/W4383558567,https://openalex.org/W4292651677
https://openalex.org/W4383558567,https://openalex.org/W4317473277
https://openalex.org/W4226215175,https://openalex.org/W3199268145
https://openalex.org/W4413981109,https://openalex.org/W4412561233
https://openalex.org/W7172434630,https://openalex.org/W4360612585
https://openalex.org/W7172434630,https://openalex.org/W4388128237
https://openalex.org/W7172434630,https://openalex.org/W4408593457
https://openalex.org/W4283012163,https://openalex.org/W4220992373
https://openalex.org/W4304789162,https://openalex.org/W3119515864
https://openalex.org/W4304789162,https://openalex.org/W3131968008
https://openalex.org/W7212136126,https://openalex.org/W4367049087
https://openalex.org/W7104546841,https://openalex.org/W4396641340
https://openalex.org/W7104546841,https://openalex.org/W4396808380
https://openalex.org/W7104546841,https://openalex.org/W4406906829
https://openalex.org/W4411863738,https://openalex.org/W3193223779
https://openalex.org/W4411863738,https://openalex.org/W3203428752
https://openalex.org/W4411863738,https://openalex.org/W4318052223
https://openalex.org/W4411863738,https://openalex.org/W4319336372
https://openalex.org/W4411863738,https://openalex.org/W4376225771
https://openalex.org/W4411863738,https://openalex.org/W4406825265
https://openalex.org/W7214769202,https://openalex.org/W4387422443
https://openalex.org/W7214769202,https://openalex.org/W4396809722
https://openalex.org/W7214769202,https://openalex.org/W4404733359
https://openalex.org/W7211895166,https://openalex.org/W4322749372
https://openalex.org/W7211895166,https://openalex.org/W4401120719
https://openalex.org/W3217807877,https://openalex.org/W3110713251
https://openalex.org/W7203972727,https://openalex.org/W7158760534
https://openalex.org/W7203964643,https://openalex.org/W3182279934
https://openalex.org/W7203964643,https://openalex.org/W3214399682
https://openalex.org/W7203964643,https://openalex.org/W4210437840
https://openalex.org/W7203964643,https://openalex.org/W4220845798
https://openalex.org/W7203964643,https://openalex.org/W4289518974
https://openalex.org/W7203964643,https://openalex.org/W4392044181
https://openalex.org/W4284898111,https://openalex.org/W4200321480
https://openalex.org/W4284898111,https://openalex.org/W4280559303
https://openalex.org/W4365514639,https://openalex.org/W3169552385
https://openalex.org/W4365514639,https://openalex.org/W4386055072
https://openalex.org/W4304633977,https://openalex.org/W4200586528
https://openalex.org/W7171895186,https://openalex.org/W4291536270
https://openalex.org/W7171895186,https://openalex.org/W4317779826
https://openalex.org/W7171895186,https://openalex.org/W4398141730
https://openalex.org/W7171895186,https://openalex.org/W7124747242
https://openalex.org/W4322208041,https://openalex.org/W4307381335
https://openalex.org/W4307427396,https://openalex.org/W3174375172
https://openalex.org/W4312192610,https://openalex.org/W3179856022
https://openalex.org/W4312192610,https://openalex.org/W4200201621
https://openalex.org/W4284991619,https://openalex.org/W3131212241
https://openalex.org/W4284991619,https://openalex.org/W3142541816
https://openalex.org/W4394934094,https://openalex.org/W3126192021
https://openalex.org/W4394934094,https://openalex.org/W4386376506
https://openalex.org/W4394934094,https://openalex.org/W4387805023
https://openalex.org/W4284958937,https://openalex.org/W3126627207
https://openalex.org/W4284958937,https://openalex.org/W3134314150
https://openalex.org/W4284958937,https://openalex.org/W3135123986
https://openalex.org/W4284958937,https://openalex.org/W3136002517
https://openalex.org/W4284958937,https://openalex.org/W3147055522
https://openalex.org/W4284958937,https://openalex.org/W3197848201
https://openalex.org/W4362552239,https://openalex.org/W3200054614
https://openalex.org/W4413436310,https://openalex.org/W3111072656
https://openalex.org/W4413436310,https://openalex.org/W3211570432
https://openalex.org/W4413436310,https://openalex.org/W4206556611
https://openalex.org/W4413436310,https://openalex.org/W4212947648
https://openalex.org/W4413436310,https://openalex.org/W4399970858
https://openalex.org/W4413436310,https://openalex.org/W4400884047
https://openalex.org/W4413436310,https://openalex.org/W4409922583
https://openalex.org/W4396575125,https://openalex.org/W4312219141
https://openalex.org/W4396575125,https://openalex.org/W4361029949
https://openalex.org/W4396575125,https://openalex.org/W4386159140
https://openalex.org/W4407103033,https://openalex.org/W4385737936
https://openalex.org/W7163224394,https://openalex.org/W4390055804
https://openalex.org/W4399355945,https://openalex.org/W4366407490
https://openalex.org/W4407412483,https://openalex.org/W4321479822
https://openalex.org/W4407412483,https://openalex.org/W4379879086
https://openalex.org/W4407412483,https://openalex.org/W4390037316
https://openalex.org/W4407412483,https://openalex.org/W4391302255
https://openalex.org/W3163052290,https://openalex.org/W3190622163
https://openalex.org/W4365148286,https://openalex.org/W3188536161
https://openalex.org/W3216035538,https://openalex.org/W4308104477
https://openalex.org/W4405489310,https://openalex.org/W4312525108
https://openalex.org/W4405489310,https://openalex.org/W4389665666
https://openalex.org/W4285594379,https://openalex.org/W3126627207
https://openalex.org/W4285594379,https://openalex.org/W3197848201
https://openalex.org/W4409804110,https://openalex.org/W3191374513
https://openalex.org/W4391126602,https://openalex.org/W4321482727
https://openalex.org/W4327759235,https://openalex.org/W4205286127
https://openalex.org/W4399431963,https://openalex.org/W2963002078
https://openalex.org/W3155841959,https://openalex.org/W3133645838
https://openalex.org/W4406172209,https://openalex.org/W4406822167
https://openalex.org/W4362677828,https://openalex.org/W3211349130
https://openalex.org/W3216294176,https://openalex.org/W3112618968
https://openalex.org/W3216294176,https://openalex.org/W3178960719
https://openalex.org/W4405909606,https://openalex.org/W3140992700
https://openalex.org/W4405909606,https://openalex.org/W4226456618
https://openalex.org/W4405909606,https://openalex.org/W4286493284
https://openalex.org/W4405909606,https://openalex.org/W4379379537
https://openalex.org/W4405909606,https://openalex.org/W4391128360
https://openalex.org/W4405909606,https://openalex.org/W4399336463
https://openalex.org/W4405909606,https://openalex.org/W4400360628
https://openalex.org/W4405909606,https://openalex.org/W4401241888
https://openalex.org/W4405909606,https://openalex.org/W4401707486
https://openalex.org/W4405909606,https://openalex.org/W4403426220
https://openalex.org/W4405909606,https://openalex.org/W4404341728
https://openalex.org/W4405909606,https://openalex.org/W4404687946
https://openalex.org/W4410511763,https://openalex.org/W3137144429
https://openalex.org/W4410511763,https://openalex.org/W4313314322
https://openalex.org/W4410511763,https://openalex.org/W4378783628
https://openalex.org/W4410511763,https://openalex.org/W4392028327
https://openalex.org/W4388705780,https://openalex.org/W4226443605
https://openalex.org/W7207524082,https://openalex.org/W4400085111
https://openalex.org/W7207524082,https://openalex.org/W4400687504
https://openalex.org/W7207524082,https://openalex.org/W7135030449
https://openalex.org/W7207524082,https://openalex.org/W7135032103
https://openalex.org/W4412640725,https://openalex.org/W4405182820
https://openalex.org/W4403334815,https://openalex.org/W4205210911
https://openalex.org/W4414216868,https://openalex.org/W3209490248
https://openalex.org/W4414216868,https://openalex.org/W4232789351
https://openalex.org/W4414216868,https://openalex.org/W4287730306
https://openalex.org/W4414216868,https://openalex.org/W4392111346
https://openalex.org/W4414216868,https://openalex.org/W4399748946
https://openalex.org/W4403274789,https://openalex.org/W4310785819
https://openalex.org/W3154283054,https://openalex.org/W3120569425
https://openalex.org/W4416273041,https://openalex.org/W4391312445
https://openalex.org/W4401452398,https://openalex.org/W3187323659
https://openalex.org/W4401452398,https://openalex.org/W3198190758
https://openalex.org/W4401452398,https://openalex.org/W4221165570
https://openalex.org/W4387671652,https://openalex.org/W3129426031
https://openalex.org/W4387671652,https://openalex.org/W4284699798
https://openalex.org/W4417506903,https://openalex.org/W4366452046
https://openalex.org/W4417506903,https://openalex.org/W4403449031
https://openalex.org/W4417506903,https://openalex.org/W4403751028
https://openalex.org/W7204102549,https://openalex.org/W3128720703
https://openalex.org/W7204102549,https://openalex.org/W4412043615
https://openalex.org/W4382652961,https://openalex.org/W3206212349
https://openalex.org/W7134238145,https://openalex.org/W4213326116
https://openalex.org/W7134238145,https://openalex.org/W4319594795
https://openalex.org/W4389301229,https://openalex.org/W3170160699
https://openalex.org/W4389301229,https://openalex.org/W3177254759
https://openalex.org/W4309288160,https://openalex.org/W3142157418
https://openalex.org/W3205094442,https://openalex.org/W3133495528
https://openalex.org/W4220720749,https://openalex.org/W3164329153
https://openalex.org/W7166828436,https://openalex.org/W4388900964
https://openalex.org/W3205306976,https://openalex.org/W2989993629
https://openalex.org/W3158262586,https://openalex.org/W3157140118
https://openalex.org/W4408952862,https://openalex.org/W4400009152
https://openalex.org/W3163441530,https://openalex.org/W3131392783
